uid,source,reference,whisper_best,claude_1best,claude_nbest,wer_baseline,wer_1best,wer_nbest
u000,MyST,well it travels basically it travels through the battery and through the wire and then it goes around it so the nail so many times that it could not that it makes the nail and electro it makes it to make it electromagnet so then it is an electromagnet to pick up all the washers that below it,well it travels it travels through the water through the water then it goes around it is about one million times that it makes the next one to make it an electromagnet to pick up all the washers,well it travels it travels through the wire through the wire then it goes around it is about one million times that it makes the nail to make it an electromagnet to pick up all the washers,well it travels basically it travels through the battery and through the wire then it goes around the nail so many times that it makes the nail an electromagnet so then it is an electromagnet to pick up all the washers below it,0.483,0.448,0.276
u001,MyST,switch is closed the battery turns on because of the switch the switch controls part of the battery or part of the wire and the wire controls the motor,switches closed the battery turns on because of the switch the switch controls parts of the wire and the wire controls the motor,switch is closed the battery turns on because of the switch the switch controls parts of the wire and the wire controls the motor,switch is closed the battery turns on because of the switch the switch controls part of the battery or part of the wire and the wire controls the motor,0.276,0.207,0.0
u002,MyST,a pencil is in the water and it is reflecting to make it look like it is broken,i quote pencils in the water and its reflecting to make it look like it is broken,a pencil is in the water and it is refracting to make it look like it is broken,i got pencils in the water and it is reflecting to make it look like it is broken,0.278,0.056,0.167
u003,MyST,i think on the x axis has the number of rubberbands and on the y axis is the distance plane flew,i think on new x axis has a number of fiber bands and on y axis it is not distance flying through,i think on the x axis it has the number of rubber bands and on the y axis it is the distance flying through,now i think on the x axis has the number of rubber bands and on the y axis it is not the distance flying through,0.429,0.286,0.333
u004,MyST,they used to be mixed altogether but now they are not,they used to be mixed all together but now they are not,they used to be mixed all together but now they are not,they used to be mixed all together but now they are not,0.182,0.182,0.182
u005,MyST,well some that were like some ho held more passengers before held more and some of them held some of the cups held less of less passengers than the other three cups,well some that were held more passengers before held more and some of them held some of the cups held less passengers and the other three cups,well some that held more passengers before held more and some of them held some of the cups held less passengers than the other three cups,well some that were held more passengers before held more and some of them held some of the cups held less passengers than the other three cups,0.188,0.188,0.156
u006,MyST,it can powers things that are like one time that usually has wires the d cell may be motor some light bulb is may be it is,it can powerful things out like one time it usually has wios a d cell maybe a model something like almost maybe,it can power things out like one time it usually has wires a d cell maybe a motor something like that maybe,it can power things out like one time it usually has wires a d cell maybe a motor or something like always maybe,0.63,0.556,0.556
u007,MyST,i do not know,i do not know,i do not know,i do not know,0.0,0.0,0.0
u008,MyST,the nail actually is acting as a temporary magnet a temporary magnet,the nail actually is acting as a temp or rari magnets or a temporary magnet,the nail actually is acting as a temporary magnet or a temporary magnet,the nail actually is acting as a temporary magnet or a temporary magnet,0.417,0.083,0.083
u009,MyST,one component can be connected to the the side of the bulb while the other is on the other side of the bulb and therefore it will light,one component can be collected to the side of the bulb all the others on the the underside of the bulb and the and also it will write,one component can be connected to the side of the bulb and the other one on the underside of the bulb and then also it will light,one component can be connected to the side of the bulb while the other is on the underside of the bulb and now for it to light,0.393,0.25,0.214
u010,MyST,i do not really understand that,i do not really understand that,i do not really understand that,i do not really understand that,0.0,0.0,0.0
u011,MyST,the electricity has to travel through to and it attracts things if it is a magnet,the electricity has to travel through to attract things if it is a magnet,the electricity has to travel through to attract things if it is a magnet,the electricity has to travel through and it attracts things if it is a magnet,0.188,0.188,0.062
u012,MyST,the mass is creating a larger amount because of more mixtures being brought into,the mass is creating a larger amount because of more mixtures being brought into place,the mass is creating a larger amount because of more mixtures being brought into place,the mass is creating a larger amount because of more mixtures being brought into place,0.071,0.071,0.071
u013,MyST,it is telling you how many milliliters are there,it is telling you how many male leotons are in there,it is telling you how many milliliters are in there,it is telling you how many milliliters are in there,0.333,0.111,0.111
u014,MyST,it has to be made f from,it has been made from like g,it has been made from like gravel,it has been made from like,0.714,0.714,0.571
u015,MyST,on the on the steep slope the water is going fast,on the steep slope so the water is going pat,on the steep slope so the water is going fast,on this on the steep slope the water is going fast,0.364,0.273,0.091
u016,MyST,the the metal disk is heavier than the plastic disk so it is going down it is falling down and the plastic disk is getting pushed up,so the middle disk is heavier than the plastic disk so it is going down it is falling down and the plastic disk is getting pushed up,so the metal disk is heavier than the plastic disk so it is going down it is falling down and the plastic disk is getting pushed up,so the metal disk is heavier than the plastic disk so it is going down it is falling down and the plastic disk is getting pushed up,0.074,0.037,0.037
u017,MyST,the flow of the water that is faster,the flow of the water gets faster,the flow of the water gets faster,the flow of the water gets faster,0.25,0.25,0.25
u018,MyST,the water is mixing with the grapetastic grape mix and it is mixing,the water is mixed with great tastic crepe mix and it is mixed in,the water is mixed with grape drink mix and it is mixed in,the water is mixed with a fantastic grape mix and it is mixed in,0.462,0.462,0.385
u019,MyST,the solvent,the solvent,the solvent,the solvent,0.0,0.0,0.0
u020,MyST,is that the flag is moving and it is important and important because hm it is the its getting the electrons from the battery and electrons and electrons are traveling through the +and negative side of the battery,that the flag is moving and it is important because it is the it is getting electrons from the battery and electrons are traveling through from the +and the negative side of the battery,that the flag is moving and it is important because it is the it is getting electrons from the battery and electrons are traveling through from the positive and the negative side of the battery,this step the flag is moving and it is important because it is getting electrons from the battery and electrons are traveling through from the +and the negative side of the battery,0.289,0.316,0.316
u021,MyST,it is three hundred and thirty-three milliliters,it is three hundred and thirty-three milliliters,it is three hundred and thirty-three milliliters,it is three hundred and thirty-three milliliters,0.0,0.0,0.0
u022,MyST,i do not really remember,and i will really remember .,and i do not really remember,i do not really remember,0.6,0.2,0.0
u023,MyST,i used filter because its holes are big enough that water can go through but small enough that sand cannot,uncleused filter because its holes are big enough that water can go through but small enough that sand cannot,you can use a filter because its holes are big enough that water can go through but small enough that sand cannot,uncle used filter because its holes are big enough that water can go through but small enough that sand cannot,0.1,0.2,0.05
u024,MyST,"twelve billion, three hundred and forty-five million, six hundred and seventy-eight thousand, nine hundred and ten so each one s wa","one hundred and twenty-three million, four hundred and fifty-six thousand, seven hundred and eighty-nine ten so each one","one hundred and twenty-three million, four hundred and fifty-six thousand, seven hundred and eighty-nine ten so each one",one two three four five six seven eight nine ten so each one is,0.565,0.565,0.609
u025,MyST,the skunk is warning the coyote to stay or else it will spray its stinky spray all over him so that its prey can smell and it is a bad bad bad bad bad bad bad bad bad bad bad bad bad bad bad bad bad bad bad bad bad bad bad bad bad bad bad bad bad bad bad bad bad bad bad bad bad bad bad bad bad bad bad bad bad bad bad bad bad smell,the skunk is warning the coyote the stay away or else it will spray its stinky smell all over him so that it is prey can smell it,the skunk is warning the coyote to stay away or else it will spray its stinky smell all over him so that its prey can smell it,the skunk is warning the coyote to stay away or else it will spray its stinky smell all over him so that its prey can smell it,0.734,0.696,0.696
u026,MyST,yeah everything goes into the fifty milliliters of water and it s it dissolves and then if you put more in it doesn t dissolve all the way and so it can t go all the way and so yeah,the a thing goes into the fifty millimeters of water and it dissolves and then if you put more in it does not dissolve all the way and so it can not go all the way and so yeah,the salt goes into the fifty milliliters of water and it dissolves and then if you put more in it does not dissolve all the way and so it can not go all the way and so yeah,the a thing goes into the fifty milliliters of water and it dissolves and then if you put more in it does not dissolve all the way and so it can not go all the way and so yeah,0.225,0.175,0.2
u027,MyST,and thirty-three milliliters,capacity of the can is three hundred,capacity of the cup is three hundred,the capacity of the can is three hundred,1.5,1.5,1.75
u028,MyST,i just noticed something on the one you just showed me before it is a variable on top of the number of passengers and that says variable on the number of winds and it says that they only added one passenger but changed the number of winds they did,i just noticed something on the one you just showed me before it is a variable on top of the number of passengers and that says variable on the number of winds and it says that they only added one passenger but changed the number of winds they did say,i just noticed something on the one you just showed me before it has a variable on top of the number of passengers and that says variable on the number of winds and it says that they only added one passenger but changed the number of winds they did say,i just noticed something on the one you just showed me before it said variable on top of the number of passengers and that says variable on the number of winds and it says that they only added one passenger but changed the number of winds they did say,0.02,0.041,0.061
u029,MyST,the dome not to build as high,and the dome not to build is hot .,and the dome on top of the bulb is hot,the dome not to build as high,0.429,1.143,0.0
u030,MyST,m making if you want to hold a lot you would make the boat wide and higher and you could you would even out the weight, hm making if you had hold a lot you would make the boat wide and higher hand and uhm you could even out the way,hm maybe if you had to hold a lot you would make the boat wider and higher and um you could even out the weight,making if you want to hold a lot you would make the boat wide and higher and you would even out the weight,0.308,0.269,0.115
u031,MyST,that they all call for mates and sense danger and let each other know and they try and get away from predators and yeah,that they all call for mates and sense danger and let each other know and they try and get away from predators yeah i,that they all call for mates and sense danger and let each other know and they try and get away from predators yeah i,that they all call for mates and sense danger and let each other know and they try and get away from predators and yeah,0.083,0.083,0.0
u032,MyST,one filament broke but the other light bulbs are still working,one filament broke but the other lipops are still working,one filament broke but the other light bulbs are still working,one filament broke but the other light bulbs are still working,0.182,0.0,0.0
u033,MyST,it is bouncing off of the ball is blue,it is bouncing off the ball as bull,it is bouncing off the ball as well,it is bouncing off the ball as bull,0.333,0.333,0.333
u034,MyST,this have a filament and it does have there is the light bulb,so i have a permit and it does help too,so i have a permanent magnet and it does help too,so i have a helmet and it does help,0.692,0.769,0.692
u035,MyST,know what a reference is yet,what a reference is yet,what a reference is yet,what a reference is yet,0.167,0.167,0.167
u036,MyST,it is sort of crackles,it sort of crackles,it sort of crackles,it sort of crackles,0.2,0.2,0.2
u037,MyST,they are separating,they are separating,they are separating,they are separating,0.0,0.0,0.0
u038,MyST,can we move on,can not even move on,can not even move on,can we move on,0.5,0.5,0.0
u039,MyST,just out the negative side of the battery and comes back into the positive it goes up to the filament comes down the basically to the other filament come down the basic goes into the the metal the wiring casing casing wire and it goes back into the positive sign,the negative side of the battery comes back into the positive it goes up through the film it comes down the base goes up to the other film it comes down the base goes into the metal the wiring casing casing wire and it goes back into the positive side,the negative side of the battery comes back into the positive it goes up through the filament it comes down the base goes up to the other filament it comes down the base goes into the metal the wiring casing casing wire and it goes back into the positive side,out the negative side of the battery comes back into the positive it goes up through the filament comes down the base goes up to the other filament comes down the base goes into the metal the wiring casing wire and it goes back into the positive side,0.3,0.26,0.22
u040,MyST,the different materials keep their same mass when mixed together she is so stupid,the different materials keep their same mass when mixed together,the different materials keep their same mass when mixed together,the different materials keep their same mass when mixed together she is so stupid,0.286,0.286,0.0
u041,MyST,it changes like if you wave your hand it changes i think i am not sure like cause the wind is blowing on it like air is in the way so you ch,it changes like a few wave your hand it changes i think i am not sure like because the wind is blowing on it like air is in the way so you change,it changes like if you wave your hand it changes i think i am not sure like because the wind is blowing on it like air is in the way so it changes,it changes like if you wave your hand it changes i think i am not sure like because the wind is blowing on it like air is in the way so you change,0.121,0.091,0.061
u042,MyST,they are all mixed together and they equal fifty grams,they are all mixed together on day equal fifty g,they are all mixed together and they equal fifty g,they are all mixed together and they equal fifty grams,0.3,0.1,0.0
u043,MyST,that it is spreading apart,they are spreading apart,they are spreading apart,they are spreading apart,0.6,0.6,0.6
u044,MyST,they are just missing a water,they are just missing the water,they are just mixing in the water,they are just missing the water,0.167,0.5,0.167
u045,MyST,it has a battery it has a motor and it has a nail and a switch,it has a battery has a motor and it has a nail and a switch,it has a battery it has a motor and it has a nail and a switch,it has a battery it has a motor and it has a nail and a switch,0.062,0.0,0.0
u046,MyST,ma ma ma ma ma ma ma ma i do not know,ahhhh,ahhhh,ahhhm i do not know,1.0,1.0,0.667
u047,MyST,the gas and coal are different because coal is mostly not used for cars it is mostly used in factories and fuel is like used for gas and car,because,because,the gas and coal are different because coal is mostly not used for cars it is mostly used in factories and fuel is used for gas and cars,0.966,0.966,0.069
u048,MyST,i am not sure,not sure,not sure,i am not sure,0.5,0.5,0.0
u049,MyST,we think of them as little people walking through the pathway into kind of like a cave,i think of them as little people walking through the pathway into kind of like a cave,i think of them as little people walking through the pathway into kind of like a cave,i think of them as little people walking through the pathway into kind of like a cave,0.059,0.059,0.059
u050,MyST,the water chemically changes because the grapetastic is mixed with it,the water chemically changes because the grapes that taste stick is mixed with it,the water chemically changes because the grape taste stick is mixed with it,the water chemically changes because the grapes that are tasted is mixed with it,0.364,0.273,0.364
u051,MyST,it is filtering out the sand,it is filtering out the sand,it is filtering out the sand,and it is filtering out the sand,0.0,0.0,0.167
u052,MyST,the switches on and that close,the switch is in the cloak,the switch is in the circuit,the switch is in the cloak,0.833,0.833,0.833
u053,MyST,the plastic chip then cause it is lighter than the wooden cube is and the wooden cube is little heavier than the plastic chip than the metal ring cause it is heavier than the wooden cube,it is the plastic chip because it is slight but it is more than the wooden cube the wooden cube is a little heavier than the plastic chip it is heavier than the wooden cube,it is the plastic chip because it is slight but it is more than the wooden cube the wooden cube is a little heavier than the plastic chip it is heavier than the wooden cube,the plastic chip because it is slight the wooden cube is a little heavier than the plastic chip it is heavier than the wooden cube,0.444,0.444,0.389
u054,MyST,the d cell has been importing because then it gives up electriciy don t make the light bulb work,the d shell is important because then it gives off electricity to make the light bulb work,the d cell is important because then it gives off electricity to make the light bulb work,the d cell is important because then it gives off electricity to make the light bulb work,0.421,0.368,0.368
u055,MyST,they have to be iron or steel because that is the only type that works as a normal magnet that will stick to like a normal magnet,they have to be iron or steel because that is the only type that works as a normal magnet that will stick like a normal magnet,they have to be iron or steel because that is the only type that works with a normal magnet that will stick to a normal magnet,they have to be iron or steel because that is the only type that works as a normal magnet that will stick like a normal magnet,0.037,0.074,0.037
u056,MyST,they would block is non attracting to the magnet but the steel nail is attract each in the magnet because there steel inside,the wood block is not attracting to the magnet but the steel nail is attracting to the magnet,the wood block is not attracted to the magnet but the steel nail is attracted to the magnet,the wood block is not attracting to the magnet but the steel nail is attracting to the magnet because that is steel inside,0.435,0.478,0.348
u057,MyST,one has more of a solute than the other,one has more of us all unity than the other,one has more salinity than the other,one has more of a solute than the other,0.333,0.333,0.0
u058,MyST,well maybe si do not guess out of thin air just make your guess possible and if that if you know that should not be right you you guess again and you keep narrowing your guesses down until you think you have the right answer,well maybe do not guess out of thin air just make your guess possible and if you know that it should not be right you guess again and you keep narrowing your guesses down until you think you have the right answer,well maybe do not guess out of thin air just make your guess possible and if you know that it should not be right you guess again and you keep narrowing your guesses down until you think you have the right answer,well maybe do not guess out of thin air just make your guess possible and if you know that should not be right you guess again and you keep narrowing your guesses down until you think you have the right answer,0.111,0.111,0.089
u059,MyST,learning about the water cycle,learning about the water is cycle,learning about the water cycle,learning about the water cycle,0.2,0.0,0.0
u060,MyST,the light bulb can light up when you attach the right f if when you attach negative on the side and positive on the bottom,the light bulb can light up when you attach the right if when you attach negative on the side and positive on the bottom,the light bulb can light up when you attach the right if when you attach negative on the side and positive on the bottom,the light bulb can light up when you attach the right when you attach negative on the side and positive on the bottom,0.04,0.04,0.08
u061,MyST,it was a little hard because sometimes you thought it would be the same results but it came out a lot differently,it was a little hard because sometimes we thought it would be the same result that it came out a lot differently,it was a little hard because sometimes we thought it would be the same result but it came out a lot differently,it was a little hard because sometimes we thought it would be the same result but it came out a lot differently,0.136,0.091,0.091
u062,MyST,i do not know,i do not know,i do not know,i do not know,0.0,0.0,0.0
u063,MyST,well it is where there is a wire coming from the battery and another wire coming from the battery they are both attached to the motor and then there is this switch so that if you push the switch down it will turn it if you push it and it will be t attached to the wire it will go on but if you d it is not attached to the wire it will go off,well that is where there is alma in the wire coming from the battery and the wire coming from the battery now both attach to the motor and then there is the switch so that if you push the switch down it will turn it if you push it and it will be attached to the wire it will go on but it is not attached to the wire it will go off,well that is where there is a wire coming from the battery and the wire coming from the battery now both attach to the motor and then there is the switch so that if you push the switch down it will turn it if you push it and it will be attached to the wire it will go on but if it is not attached to the wire it will go off,well it is where there is a wire coming from the battery and another wire coming from the battery they are both attached to the motor and then there is the switch so that if you push the switch down it will turn it if you push it and it will be attached to the wire it will go on but if it is not attached to the wire it will go off,0.171,0.118,0.053
u064,MyST,water basically goes up to the sky when it evaporates like it just,rises into the clouds,rises into the clouds,it rises into the clouds,0.923,0.923,0.923
u065,MyST,the magnet has it is a field around it,that my day had to feel around it,that my dad had to feel around it,that my bed had to feel around it,0.778,0.778,0.778
u066,MyST,the battery is charging the me the little rivet to work as an electric mag electromagnet to pick up the washers,the battery is charging the little rivet to work as an electromagnet to pick up the washes,the battery is charging the little rivet to work as an electromagnet to pick up the washers,the battery is charging the little rivet to work as an electromagnet to pick up the washers,0.238,0.19,0.19
u067,MyST,it is salt,it is soft,it is soft,it is soft,0.333,0.333,0.333
u068,MyST,it is at the top,it is at the top,it is at the top,it is at the top,0.0,0.0,0.0
u069,MyST,the difference is that the solution b has salt in it and solution a does not since solution b has salt in it the salt pushes the weight all the way up because it has no weight to go in the bottom,the difference is that the solution b has salt in it and solution b has not been saluted so it pushes all the way up because it has no where to go on the bottom,the difference is that the solution b has salt in it and solution a has not been salted so it pushes all the way up because it has nowhere to go on the bottom,the difference is that the solution b has salt in it and solution b has salt in it the salt pushes all the way up because it has nowhere to go on the bottom,0.333,0.333,0.238
u070,MyST,very good i am very very good,very good i am very very good,very good i am very very good,i am very good i am very very good,0.0,0.0,0.286
u071,MyST,in science we have done i am doing closed circuits and open circuits and how they work,in science lately we have been doing closed circuits and open circuits how they work,in science lately we have been doing closed circuits and open circuits and how they work,in science lately we have been doing closed circuits and open circuits and how they work,0.294,0.235,0.235
u072,MyST,on the cond er in the condensation chamber not outside the condensation chamber,so the water droplets formed inside the condensation chamber so it basically is .,so the water droplets formed inside the condensation chamber so it basically is,so the water droplets formed inside the condensation chamber so it basically is,0.769,0.769,0.769
u073,MyST,it is like a little tube where the chewed up food goes and leaves into the stomach,it is like a little to where the choo dot food goes and leaves into the stomach,it is like a little tube where the chewed food goes and leads into the stomach,it is like a little tube where the chewed up food goes and leads into the stomach,0.176,0.118,0.059
u074,MyST,well group c did some diff some things differently so they got a way different result the group a and b and d got nineteen washers with zero spacers and group c only got s five washers and zero spacers which is a big difference from what like what what groups a b and d had,well group c did things differently so they got a way different result the group a and b and d got nineteen washers with zero spacers and group c only got five washers and zero spacers which is a big difference from what like what group ab and d had,well group c did things differently so they got a way different result the group a and b and d got nineteen washers with zero spacers and group c only got five washers and zero spacers which is a big difference from what like what group a b and d had,well group c did some things differently so they got a way different result the group a and b and d got nineteen washers with zero spacers and group c only got five washers and zero spacers which is a big difference from like what group a b and d had,0.143,0.107,0.107
u075,MyST,got it,got it,got it,what are you making got it,0.0,0.0,2.0
u076,MyST,hey hey marni how are you doing today i am fine how are you hot stuff you are a program,hey marnie how are you doing today i am fine how are you hi steph great year for your program,hey marnie how are you doing today i am fine how are you hi steph great welcome to the program,hey hey marnie how are you doing today i am fine how are you,0.4,0.4,0.35
u077,MyST,that use that one because the the the sand the water would evaporate but the salts would stay there,that used that one because the water would evaporate but the salts would stay there,they used that one because the water would evaporate but the salt would stay there,that used that one because the water would evaporate but the salt would stay there,0.263,0.368,0.316
u078,MyST,object and mass length distance and the angle,object and mouse length distance and the angle,object and mass length distance and the angle,object mass length distance and the angle,0.125,0.0,0.125
u079,MyST,one thousand,one thousand,one thousand,one thousand,0.0,0.0,0.0
u080,MyST,well in the less cup b there is more magnets in it or th things and if you could it is there is more weight in it,in the left is uncuped b there are more magnats here or things and it is because there is more weight in it,in the left cup b there are more magnets or things and it is because there is more weight in it,in the left is cup b there are more magnets or things and it is because there is more weight in it,0.481,0.37,0.407
u081,MyST,i got it to work,i got it to work,i got it to work,i got it to work,0.0,0.0,0.0
u082,MyST,it is kind of like a tree like there is there there is the long stem which is the esophagus and then there is the branches and then the bottom of those little circle things they are the leaves and they help you digest the food and stream the food,it is kind of like a tree there is the long stem which is the esophagus and then there is like the branches and then the bottom of those little circle things that are the leaves and they help you digest your food and stream the food,it is kind of like a tree there is the long stem which is the esophagus and then there is like the branches and then at the bottom of those little circle things that are the leaves and they help you digest your food and strain the food,it is kind of like a tree there is the long stem which is the esophagus and then there is like the branches and then the bottom of those little circle things are the leaves and they help you digest your food and stream the food,0.14,0.18,0.14
u083,MyST,they are being separated and now are not a mixture they are all different items,they are being separated and now are not a mixture they are all different items,they are being separated and now are not a mixture they are all different items,they are being separated and now they are not a mixture they are all different items,0.0,0.0,0.067
u084,MyST,the light bulb,the right ball .,the right ball,the light bulb,0.667,0.667,0.0
u085,MyST,could you repeat that marni,could you repeat that marnie,could you repeat that marnie,could you repeat that marnie,0.2,0.2,0.2
u086,MyST,they are all two or more things that are being mixed together,they are all two or more things that are being mixed together,they are all two or more things that are being mixed together,they are all two or more things that are being mixed together,0.0,0.0,0.0
u087,MyST,why it is taken to the magnet because the magnet attracts anything that is steel or other have iron,water is taking till the magnet because the magnet attracts anything that is steel or other than harri but .,water is sticking to the magnet because the magnet attracts anything that is steel or other than that but,water is sticking to the magnet because the magnet attracts anything that is steel or iron,0.368,0.316,0.263
u088,MyST,is that the right one marney cause i am zero so mad and you are,if you would like to ride one more nigga because i am also behind you are sucka f i know,if you would like to try one more time because i am also behind you are so good i know,it is not too hard marnie cause i am also behind you,1.133,1.133,0.733
u089,MyST,it goes up to one hundred milliliters and the syringe only goes up to fifty,so it goes up to one hundred milliliters and the surrender only goes up to fifty,so it goes up to one hundred milliliters and the cylinder only goes up to fifty,so it goes up to one hundred milliliters and the cylinder only goes up to fifty,0.133,0.133,0.133
u090,MyST,get a one hundred gram piece or use a different thing than a balance beam,get a one hundred gram piece or use a different thing then a balance beam,get a one hundred gram piece or use a different thing than a balance beam,get a one hundred gram piece or use a different thing than a balance beam,0.067,0.0,0.0
u091,MyST,well the blue represents water and then the green represents forest and the purple represents more like cold places,well the blue represents water and then the green represents forest and the purple represents more like cold places,well the blue represents water and then the green represents forest and the purple represents more like cold places,well the blue represents water and then the green represents forests and the purple represents more like cold places,0.0,0.0,0.053
u092,MyST,the nail could not get the paperclip because the magnet was not there so and then when the magnet got the nail it could get the paperclip,the nail could not get the paperclip because the magnet was in there and then when the magnet got the nail it could get the paperclip,the nail could not get the paperclip because the magnet was not in there and then when the magnet got the nail it could get the paperclip,the nail could not get the paper clip because the magnet was not there and then when the magnet got the nail it could get the paper clip,0.074,0.074,0.185
u093,MyST,the glass on the right has more solution in it,the glass on the right has more solution in it,the glass on the right has more solution in it,the glass on the right has more solution in it,0.0,0.0,0.0
u094,MyST,we have been learning about electromagnet and how they work,we have been learning about electro magnet and how they work,we have been learning about electromagnets and how they work,we have been learning about electromagnets and how they work,0.2,0.1,0.1
u095,MyST,one of the sides is heavier than the other because it is has salt in,one of the sizes heavier than the other because it has salt in it,one of the sides is heavier than the other because it has salt in it,one of the sides is heavier than the other because it has salt in it,0.267,0.133,0.133
u096,MyST,within they closed,a ten day closed,a tin can closed,it is only closed,1.0,1.0,1.0
u097,MyST,we are about to learn about those and we are going to learn today i am pretty sure and that gets or that is a piece of electricity because if we put it where the sun is because the sun has energy when you put that on close to the sun it gathers energy into those little things,we are about to learn about those and we are getting touched on today i am pretty sure and that gets hurt that is a piece of electricity because if we put it where the sun is because the sun has energy when you put that on the close to the sun it gathers energy into those little things,we are about to learn about those and we are getting touched on today i am pretty sure and that gets heat that is a piece of electricity because if we put it where the sun is because the sun has energy when you put that close to the sun it gathers energy into those little things,we are about to learn about those and we are getting tests done today i am pretty sure and that is a piece of electricity because if we put it where the sun is because the sun has energy when you put that close to the sun it gathers energy into those little things,0.086,0.086,0.121
u098,MyST,it is a product,it is a product,it is a product,it is a product,0.0,0.0,0.0
u099,MyST,when water moves downhill or flows it can power water wheels which can make different things work and water can even power cities at cause in the hudson river there are turbines on the bottom which use power er the water is current to power parts of new york city,when water moves downhill or flows it can power water wheels which can make different things work and water can even power cities because in the hudson river there are turbines on the bottom which use power or the water is current to power parts of new york city,when water moves downhill or flows it can power water wheels which can make different things work and water can even power cities because in the hudson river there are turbines on the bottom which use the power of the water's current to power parts of new york city,when water moves downhill or flows it can power water wheels which can make different things work and water can even power cities because in the hudson river there are turbines on the bottom which use the waters current to power parts of new york city,0.06,0.12,0.12
u100,MyST,i know that when it says the length of the string is at two hundred centimeters it only made five swings and when the length of the string is twenty centimeters it the number of swings it made was twenty,i know that when it says the length of the string is at two hundred centimeters it only made five swings and when the length of the string is twenty-seven meters the number of swings it made was twenty,i know that when it says the length of the string is at two hundred centimeters it only made five swings and when the length of the string is twenty-seven centimeters the number of swings it made was twenty,i know that when it says the length of the string is at two hundred centimeters it only made five swings and when the length of the string is twenty centimeters the number of swings it made was twenty,0.05,0.05,0.025
u101,MyST,we want to use a thermometer because if we did not have one we would never know what the temperature was,we want to use this in the moment because if we did not have one we would never know what the temperature was,we want to use this in the moment because if we did not have one we would never know what the temperature was,we want to use this thermometer because if we did not have one we would never know what the temperature was,0.19,0.19,0.048
u102,MyST,the electricity is going to d cell battery and then out the d cell battery into the light bulb and then out the light bulb back to the d cell,the electricity is going to desell the battery and then out the desell battery into the light bulb and then out the light bulb back to the desell,the electricity is going to the d cell battery and then out the d cell battery into the light bulb and then out the light bulb back to the d cell,the electricity is going to the d cell battery and then out the d cell battery into the light bulb and then out the light bulb back to the d cell,0.2,0.033,0.033
u103,MyST,the flow is the m basically what it just is doing if the electricity is flowing or if it is not,so flow is the basically what it just is doing if the electricity is flowing or if it is not,so flow is basically what it just is doing if the electricity is flowing or if it is not,so flow is basically what it is just doing if the electricity is flowing or if it is not,0.095,0.143,0.238
u104,MyST,the little piece of wood on the red cup equals three grams,the little piece of wood on the right cup equals three grams,the little piece of wood on the right cup equals three grams,the little piece of wood on the right cup equals three grams,0.083,0.083,0.083
u105,MyST,we measured our ankles our whole body around our neck and stuff like that and from our n hip to our knee and our knee to the ground,we measure the ankles our bodies around our neck and stuff like that and from our hip to our knee and our knee to the ground,we measure the ankles our bodies around our neck and stuff like that and from our hip to our knee and our knee to the ground,we measured our ankles our whole body around our neck and stuff like that and from our hip to our knee and our knee to the ground,0.179,0.179,0.036
u106,MyST,the wires wrapped around the rivet which induces electromagnetism which makes it all,while being wrapped around rivet which induces electromagnitist which makes it so invisible,while being wrapped around the rivet which induces electromagnetism which makes it so invisible,the wire is wrapped around the rivet which induces electromagnetism which makes it,0.462,0.308,0.231
u107,MyST,plant cells are layered differently than regular human cells,plant cells are layered differently than regular human cells,plant cells are layered differently than regular human cells,plant cells are layered differently than regular human cells,0.0,0.0,0.0
u108,MyST,i do not know,yeah,yeah,yeah,1.0,1.0,1.0
u109,MyST,they break down food and dispose of it,they break down food and a sponsor of it,they break down food and absorb it,they break down food and dispose of it,0.25,0.25,0.0
u110,MyST,you pour one liquid into another solute,you pour one liquid into another is solid solid,you pour one liquid into another it is solid solid,you pour one liquid into another solid solid,0.429,0.571,0.286
u111,MyST,some knows can be copper so you can lift up that you can setup with the magnet,some nails can be covered so you can lift it up with a magnet,some nails can be covered so you can lift it up with a magnet,some nails can be covered so you can not lift it up with a magnet,0.471,0.471,0.529
u112,MyST,i do not see how to get the information could you help me,i do not see how to get the information,i do not see how to get the information,i do not see how to get the information could you help me,0.308,0.308,0.0
u113,MyST,because the paper clips are made of metal and the magnets pick up,because the paper clips are made of metal in the magnets pick up metal,because the paper clips are made of metal and the magnets pick up metal,because the paper clips are made of metal and the magnets pick up metal,0.154,0.077,0.077
u114,MyST,okay hey marnie i have to go now okay,okay hey marni i have to go now okay,okay hey marni i have to go now okay,okay hey marnie i have to go now okay,0.111,0.111,0.0
u115,MyST,you could you could you use your your pinkie and your thumb to do ten centimeters,you could use your pinky and your thumb to do ten centimeters,you could use your pinky and your thumb to do ten centimeters,you could use your pinky and your thumb to do ten centimeters,0.312,0.312,0.312
u116,MyST,makes me think that is because the wire or the electricity is going through it on to the switch and then it s going through the wire makes it to give it the magnetic force,it is going through the wire so i get it from the other course of course,it is going through the wire so it gets it from the other source of course,it makes me think that it is because the wire electricity is going through to the switch and going through the wire and it makes it together with the magnet course,0.857,0.829,0.457
u117,MyST,that the sun is there to produce energy,that the sun is there to produce energy,that the sun is there to produce energy,that the sun is there to produce energy,0.0,0.0,0.0
u118,MyST,by looking at your object and seeing just with your eyes to see like maybe how long it is or depends what you want to estimate on,by looking at your object and seeing just with your eyes to see maybe how long it is or depends what you want to estimate on,by looking at your object and seeing just with your eyes to see maybe how long it is or depends what you want to estimate on,by looking at your object and seeing just with your eyes to see like maybe how long it is or depends what you want to estimate on,0.037,0.037,0.0
u119,MyST,then we used grams to actu to figure out the real answer,then we used grams to figure out the real answer,then we used grams to figure out the real answer,then we used grams to figure out the real answer,0.167,0.167,0.167
u120,MyST,goodbye marnie,bye marni,bye marni,bye marnie,1.0,1.0,0.5
u121,MyST,as the capacity goes up you hold it holds mo like m more passengers,as capacity goes up you hold it holds like more passengers,as capacity goes up it holds like more passengers,as capacity goes up it holds like more passengers,0.214,0.357,0.357
u122,MyST,to see how many grams to s see how many grams it is for the wood chip for the wood and the and the the metal chip,that is the way to see how many grams it is for the wood chip and the metal chip,that is the way to see how many grams it is for the wood chip and the metal chip,that is the way to see how many grams it is for the wood chip and the metal chip,0.444,0.444,0.444
u123,MyST,it is a mixture,it is a mixture,it is a mixture,it is a mixture,0.0,0.0,0.0
u124,MyST,that they are saliva has to break down the food,that their saliva has to break down the food,that their saliva has to break down the food,that their saliva has to break down the food,0.2,0.2,0.2
u125,MyST,it is about,it is about zero,it is about zero,it is about,0.333,0.333,0.0
u126,MyST,i can not tell what it is,i can not tell what it is,i can not tell what it is,i can not tell what it is,0.0,0.0,0.0
u127,MyST,well it is kind of easy marnie because if you are talking about a bottle with a cap on it then all is you have to do is unscrew the bottle and then pour it into a bucket from the bottle and that is pretty easy it is kind of easy but what we did yesterday in science is,well well it is kind of an easy marina cuz well if you are talking about the bottle with a cap on it then also after chew is unscrew the bottle and then pour it into the bucket from the bottle that is pretty easy it is kind of easy but what we did,well well it is kind of an easy one marni cuz well if you are talking about the bottle with a cap on it then all you do is unscrew the bottle and then pour it into the bucket from the bottle that is pretty easy it is kind of easy but what we did,well it is kind of easy marnie cuz well if you are talking about the bottle with a cap on it then all you have to do is unscrew the bottle and then pour it into the bucket from the bottle that is pretty easy it is kind of easy but what we did,0.305,0.271,0.169
u128,MyST,onest you start with the heaviest and see if that if that weighs as much as the orange if it does not then you then you add the little ones and then you start adding the big ones if it still does not add up,onest you start with the heaviest and see if that is as much as orange if it does not then you add the little ones and then you start adding the big ones if it still does not add up,first you start with the heaviest and see if that is as much as the orange if it does not then you add the little ones and then you start adding the big ones if it still does not add up,once you start with the heaviest and see if that weighs as much as the orange if it does not then you add the little ones and then you start adding the big ones if it still does not add up,0.133,0.133,0.111
u129,MyST,i think that it is citric acid because it looks kind of like feathers it s flat and its clear white crystals,i think that it is cedric acid because it looks kind of like feathers it is flat and it is clear white crystals,i think that it is citric acid because it looks kind of like feathers it is flat and it is clear white crystals,i think that it is citric acid because it looks kind of like feathers it is flat and it is clear white crystals,0.182,0.136,0.136
u130,MyST,a mixture is when there is two materials that are mixed together but the materials keep their own shape and substance,a mixture is when there is two materials that are mixed together but the materials keep their own shape and substance,a mixture is when there is two materials that are mixed together but the materials keep their own shape and substance,a mixture is when there are two materials that are mixed together but the materials keep their own shape and substance,0.0,0.0,0.048
u131,MyST,well the wire underneath the brads makes the it makes it a whole circuit,well the wire underneath the branch makes it a whole circuit,well the wire underneath the branch makes it a whole circuit,well the wire underneath the bag makes it a whole circuit,0.286,0.286,0.286
u132,MyST,i would choose a meter stick because it is flexible and so and your circle in your head around so that would be and it is like the meter tape is flexible so it would be much easier to go around your head,i would choose a meter stick because it is flexible and so into your circle in your head round so it would be and it flip the meters the tape is flexible so it would be much easier to go around your head,i would choose a meter tape because it is flexible and so your head is round so it would be and the meter tape is flexible so it would be much easier to go around your head,i would choose a meter stick because it is flexible and so your circle in your head round so it would be and the meter tape is flexible so it would be much easier to go around your head,0.163,0.256,0.14
u133,MyST,it is diluted,it is deluted,it is diluted,it is diluted,0.333,0.0,0.0
u134,MyST,this week we have been testing planes and those plane are with the propeller one not just paper plane and we s we stick them on the fishing line fishing wires and well we are like turn the propeller and it will go,on these week we have been testing plants and those plants are with the prattla one not just paper and we stick them on the fishing line fishing wires and we will like turn the prattla and it will go,this week we have been testing planes and those planes are with the propeller ones not just paper and we stick them on the fishing line fishing wires and we will like turn the propeller and it will go,on this week we have been testing planes and those planes are with the propeller one not just paper planes and we stick them on the fishing line fishing wires and we will like turn the propeller and it will go,0.256,0.163,0.163
u135,MyST,they can freeze,they can produce,they can produce,they can produce,0.333,0.333,0.333
u136,MyST,the wire the rivet the wire is wrapped around the top front because that is where the the electricity and the energy can go through,do not worry are the revealed the wire is wrapped around the top front because as for any of the electricity energy,do not worry about the rivet the wire is wrapped around the rivet because it is for any of the electricity energy,the wire is wrapped around the top part because that is one of the electricity and the energy,0.56,0.6,0.4
u137,MyST,well by circuit is where everything goes like in circles,well closed circuit is where everything goes,well closed circuit is where everything goes,well closed circuit is where everything goes in circles,0.4,0.4,0.2
u138,MyST,it is how much a c water a cup or something can hold,is how much water a cup or something can hold,is how much water a cup or something can hold,it is how much water a cup or something can hold,0.231,0.231,0.154
u139,MyST,the ones with that are like if you have n n they might stick together if you have s s they might stick together but you have if you have s n they probably will not,if you have n and they might stick together if you have ss they might stick together but if you have sn they probably will not,if you have nn they might stick together if you have ss they might stick together but if you have sn they probably will not,the ones that are like if you have nn they might stick together if you have ss they might stick together but if you have sn they probably will not,0.361,0.389,0.25
u140,MyST,she is on a solution,she is on,she is on,she is on a solution,0.4,0.4,0.0
u141,MyST,i am not sure,i am not sure,i am not sure,i am not sure,0.0,0.0,0.0
u142,MyST,you can get you you could probably get a pretty good estimate of like how mu like a pretty good estimate about,you can probably get a pretty good estimate of how much a pretty good estimate of how much,you can probably get a pretty good estimate of how much a pretty good estimate of how much,you could probably get a pretty good estimate of how much a pretty good estimate about,0.455,0.455,0.318
u143,MyST,the ugly boy is seeing his reflection,all of my boy is seeing his reflection,all of my boy is seeing his reflection,a boy is seeing his reflection,0.429,0.429,0.286
u144,MyST,i do not know,i am out now zero,i am at zero now,i am out now,1.0,1.0,0.75
u145,MyST,precipitation is happening and it makes it moistened and like saturate the solvent and to,precipitation is happening and it makes its moisten and saturate the solvent into precipitation,precipitation is happening and it makes it moisten and saturate the solvent into precipitation,precipitation is happening and it makes it moisten and saturate the solvent into precipitation,0.333,0.267,0.267
u146,MyST,there is no chemical reaction,there is no chemical reaction,there is no chemical reaction,there is no chemical reaction,0.0,0.0,0.0
u147,MyST,m if if you keep wrapping it around more around the rivet the more washers you pick up,if you keep wrapping it around the more washes you pick up,if you keep wrapping it around the more washers you pick up,if you keep wrapping it around the more washers you pick up,0.389,0.333,0.333
u148,MyST,bye marnie,bye marnie,bye marnie,bye marnie,0.0,0.0,0.0
u149,MyST,because the open bag left out or let the gas go out and the closed bag did not,because the open bag left out ah let the gas go out and a caused back did not,because the open bag left out uh let the gas go out and the closed bag did not,because the open bag let out er let the gas go out and the closed bag did not,0.222,0.056,0.111
u150,CMU_Kids,do not use the telephone,do not use the telephone,do not use the telephone,do not use the telephone,0.0,0.0,0.0
u151,CMU_Kids,there were some open places,there were some open places,there were some open places,there were some open places,0.0,0.0,0.0
u152,CMU_Kids,people live in rain forests,people live and rainforest,people live in the rainforest,people live in rainforests,0.6,0.4,0.4
u153,CMU_Kids,sticky juice comes out of the caterpillar,sticky juice comes out of the caterpillar,sticky juice comes out of the caterpillar,sticky juice comes out of the caterpillar,0.0,0.0,0.0
u154,CMU_Kids,an emperor penguin mother lays an egg in winter,an emperor pangeman mother lays its eggs in the winter,an emperor penguin mother lays its eggs in the winter,an emperor penguin mother lays its eggs in the winter,0.444,0.333,0.333
u155,CMU_Kids,it is good because recycling helps keep the earth cleaner,it is good because recycling helps keep the earth cleaner,it is good because recycling helps keep the earth cleaner,it is good because recycling helps keep the earth cleaner,0.0,0.0,0.0
u156,CMU_Kids,they catch a few butterflies,they catch a few butterflies,they catch a few butterflies,they catch a few butterflies,0.0,0.0,0.0
u157,CMU_Kids,sea turtles live in the ocean,sea turtles live in the ocean,sea turtles live in the ocean,sea turtles live in the ocean,0.0,0.0,0.0
u158,CMU_Kids,they put a plant in each cage,they put a plans in each cage,they put a plant in each cage,they put a plant in each cage,0.143,0.0,0.0
u159,CMU_Kids,a caterpillar with a shell around it is called a pupa,a caterpillar with a shell around it is called a pupa,a caterpillar with a shell around it is called a pupa,a caterpillar with a shell around it is called a pupa,0.0,0.0,0.0
u160,CMU_Kids,go indoors,she is a girl like me,she is a girl like me,she is a girl like me,3.0,3.0,3.0
u161,CMU_Kids,thick ice and snow cover antarctica all the time,thick ice and snow cover and tarcock all the time,thick ice and snow cover antarctica all the time,thick ice and snow cover antarctica all the time,0.222,0.0,0.0
u162,CMU_Kids,spring brings many kinds of weather,thinking buzzing money class off away .,thinking buzzing money class off away,thinking buzzing money class off away,1.0,1.0,1.0
u163,CMU_Kids,the scientist was surprised,scientists were surprised,scientists were surprised,scientists were surprised,0.75,0.75,0.75
u164,CMU_Kids,turn off the television or computer,turn off the television or computer,turn off the television or computer,turn off the television or computer,0.0,0.0,0.0
u165,CMU_Kids,many native american children learn about traditions that people in their families have had for many generations,many native american children learn about traditions that people and their families have had for many generations,many native american children learn about traditions that people in their families have had for many generations,many native american children learn about traditions that people in their families have had for many generations,0.059,0.0,0.0
u166,CMU_Kids,each boy will live completely alone for two years,each boy will live completely alone for two years,each boy will live completely alone for two years,each boy will live completely alone for two years,0.0,0.0,0.0
u167,CMU_Kids,dust storms happen in very dry places,dust storms,dust storms,dust storms happen in very dry places,0.714,0.714,0.0
u168,CMU_Kids,when water covers streets and goes into houses it is called a flood,water covers streets and goes into houses it is called a flood,water covers streets and goes into houses it is called a flood,water covers streets and goes into houses it is called a flood,0.077,0.077,0.077
u169,CMU_Kids,then they put them in a cage,then they put them in a cage,then they put them in a cage,then they put them in a cage,0.0,0.0,0.0
u170,CMU_Kids,storms in the spring can bring lightning,stones in the spring ok storms in the spring can bring lightning,storms in the spring ok storms in the spring can bring lightning,storms in the spring ok storms in the spring can bring lightning,0.714,0.714,0.714
u171,CMU_Kids,out of water penguins must waddle and hop across the ice,out of the water penguins must swaddle and hop across the ice,out of the water penguins must waddle and hop across the ice,out of the water penguins must waddle and hop across the ice,0.182,0.091,0.091
u172,CMU_Kids,after the people use the bikes they give them back,after the people use the bikes they give them back,after the people use the bikes they give them back,after the people use the bikes they give them back,0.0,0.0,0.0
u173,CMU_Kids,planes fly to africa,planes fly to africa,planes fly to africa,planes fly to africa,0.0,0.0,0.0
u174,CMU_Kids,the scientist was surprised,the scientist was surprised,the scientist was surprised,the scientist was surprised,0.0,0.0,0.0
u175,CMU_Kids,turn off the television or computer,turn off the television is computer turn off the television or the computer,turn off the television or computer turn off the television or the computer,turn off the television or computer turn off the television or the computer,1.167,1.167,1.167
u176,CMU_Kids,they have learned something new about the stegosaurus,ta,ta,ta da,1.0,1.0,1.0
u177,CMU_Kids,sometimes it is hard to see in dust storms,sometimes it is hard to see in dust storms,sometimes it is hard to see in dust storms,sometimes it is hard to see in dust storms,0.0,0.0,0.0
u178,CMU_Kids,a caterpillar with a shell around it is called a pupa,a caterpillar with a show around it is called a pupa,a caterpillar with a shell around it is called a pupa,a caterpillar with a shell around it is called a pupa,0.091,0.0,0.0
u179,CMU_Kids,nectar is the juice inside flowers,next turn is the juice inside flowers,nectar is the juice inside flowers,nectar is the juice inside flowers,0.333,0.0,0.0
u180,CMU_Kids,people got sick,people got sick,people got sick,people got sick,0.0,0.0,0.0
u181,CMU_Kids,dust storms happen in very dry places,dust storms happen in very dry places,dust storms happen in very dry places,dust storms happen in very dry places,0.0,0.0,0.0
u182,CMU_Kids,when someone wants a drink they add water to the pouch of their choice,when someone wants a drink they add water to the pouch of their choice,when someone wants a drink they add water to the pouch of their choice,when someone wants a drink they add water to the pouch of their choice,0.0,0.0,0.0
u183,CMU_Kids,storms in the spring can bring lightning,okay storms storms ok storms can hurt storms in the spring can be lightning,okay storms storms ok storms can hurt storms in the spring can bring lightning,okay storms storms ok storms can hurt storms in the spring can be lightning,1.143,1.0,1.143
u184,CMU_Kids,it sometimes hits the ground,it is it sometimes hits the ground,it is it sometimes hits the ground,it is it sometimes hits the ground,0.4,0.4,0.4
u185,CMU_Kids,the father puts the egg on his feet,the father puts the egg on his feet,the father puts the egg on his feet,the father puts the egg on his feet,0.0,0.0,0.0
u186,CMU_Kids,planes fly to africa,planes fly to africa,planes fly to africa,planes fly to africa,0.0,0.0,0.0
u187,CMU_Kids,after the chicks hatch the parents take turns keeping them warm,after the check satch the parents take turns keeping them warm,after the chicks hatch the parents take turns keeping them warm,after the chicks hatch the parents take turns keeping them warm,0.182,0.0,0.0
u188,CMU_Kids,mother sea turtles swim to land only to lay eggs,mother see turtle swim to land only to lay eggs,mother sea turtles swim to land only to lay eggs,mother sea turtles swim to land only to lay eggs,0.2,0.0,0.0
u189,CMU_Kids,doctors say kids need to get up and move about,doctors say kids need to get up and move about,doctors say kids need to get up and move about,doctors say kids need to get up and move about,0.0,0.0,0.0
u190,CMU_Kids,a butterfly wing is a two sided thing,a butterfly wing is a two sided thing,a butterfly wing is a two sided thing,a butterfly wing is a two sided thing,0.0,0.0,0.0
u191,CMU_Kids,they are members of the tlingit american indian tribe,they are members of the tlingit american indian tribe,they are members of the tlingit american indian tribe,they are members of the tlingit american indian tribe,0.0,0.0,0.0
u192,CMU_Kids,they eat and sleep on their backs too,they eat and sleep all their backs too .,they eat and sleep on their backs too,they eat and sleep on their backs too,0.125,0.0,0.0
u193,CMU_Kids,scientists say they find dinosaur bones in the ground,sinceens say they find dinosaurs bones in the ground,scientists say they find dinosaur bones in the ground,scientists say they find dinosaur bones in the ground,0.222,0.0,0.0
u194,CMU_Kids,a caterpillar hatches from each egg,a caterpillar hatches from each egg,a caterpillar hatches from each egg,a caterpillar hatches from each egg,0.0,0.0,0.0
u195,CMU_Kids,help is coming for rwanda,help is coming for rwanda,help is coming for rwanda,help is coming for rwanda,0.0,0.0,0.0
u196,CMU_Kids,the work needed to achieve these goals has cost the people of the two countries much money,the work needed to achieve these goals has caused the people of the two countries much money,the work needed to achieve these goals has cost the people of the two countries much money,the work needed to achieve these goals has cost the people of the two countries much money,0.059,0.0,0.0
u197,CMU_Kids,at present totem poles are sold to people who collect them and to museums,at present totem poles are sold to people who collect them and to museums,at present totem poles are sold to people who collect them and to museums,at present totem poles are sold to people who collect them and to museums,0.0,0.0,0.0
u198,CMU_Kids,they catch a few butterflies,they catch if you better flies,they catch a few butterflies,they catch a few butterflies,0.8,0.0,0.0
u199,CMU_Kids,they carry food water and medicine to the people of rwanda,they carry food water and medicine to the people of veranda,they carry food water and medicine to the people of rwanda,they carry food water and medicine to the people of veranda,0.091,0.0,0.091
u200,CMU_Kids,the butterflies lost their homes,the butterflies lost their homes,the butterflies lost their homes,the butterflies lost their homes,0.0,0.0,0.0
u201,CMU_Kids,one butterfly can lay eggs,a butterfly can lay two hundred aches,a butterfly can lay two hundred eggs,a butterfly can lay two hundred eggs,0.8,0.6,0.6
u202,CMU_Kids,they are disappearing because the land they lived on is now being used for farms and factories,they are disappearing because the land they lived on is now being used for farms and factories,they are disappearing because the land they lived on is now being used for farms and factories,they are disappearing because the land they lived on is now being used for farms and factories,0.0,0.0,0.0
u203,CMU_Kids,there was a crime in alaska where someone was robbed and harmed,there was a crime in alaska where someone was robbed and harmed,there was a crime in alaska where someone was robbed and harmed,there was a crime in alaska where someone was robbed and harmed,0.0,0.0,0.0
u204,CMU_Kids,but they spend most of their time in water,but they spend more of their time in the water,but they spend more of their time in the water,but they spend most of their time in the water,0.222,0.222,0.111
u205,CMU_Kids,if the river gets too deep water goes onto the land,if the river gets too deep water goes into the land,if the river gets too deep water goes onto the land,if the river gets too deep the water goes into the land,0.091,0.0,0.182
u206,CMU_Kids,it can be bad if you watch it too much doctors say,it can be bad if you watch it too much dark doctors say,it can be bad if you watch it too much doctors say,it can be bad if you watch it too much doctors say,0.083,0.0,0.0
u207,CMU_Kids,they want to help rwandans get well and return to their homes,they want to help her run then get well and return to their homes,they want to help them get well and return to their homes,they want to help orangutans get well and return to their homes,0.25,0.083,0.083
u208,CMU_Kids,turn off the television or computer,turn off the television or computer,turn off the television or computer,turn off the television or computer,0.0,0.0,0.0
u209,CMU_Kids,turn off the television or computer,you guys got two person from twond grade today yeah time of the television coming from,you guys got two persons from second grade today yeah time of the television coming from,you just got two persons from second grade today yeah turn off the television coming from,2.333,2.333,2.0
u210,CMU_Kids,now people from other countries have gone to africa,now people from other countries have gone to africa,now people from other countries have gone to africa,now people from other countries have gone to africa,0.0,0.0,0.0
u211,CMU_Kids,they blow a long thin cloud down to the ground,they blow a long thin cloud down to the ground,they blow a long thin cloud down to the ground,they blow a long thin cloud down to the ground,0.0,0.0,0.0
u212,CMU_Kids,when water covers streets and goes into houses it is called a flood,when water covers street and goes into the houses it is called a flute,when water covers streets and goes into the houses it is called a flood,when water covers the street and goes into the houses it is called a flood,0.231,0.077,0.231
u213,CMU_Kids,butterflies carry pollen from one flower to another,butterflies carry pollen from one flower to another,butterflies carry pollen from one flower to another,butterflies carry pollen from one flower to another,0.0,0.0,0.0
u214,CMU_Kids,if a lightning storm comes there are four things you can do to stay safe,if a lightning storm comes there are four things you can do to stay safe,if a lightning storm comes there are four things you can do to stay safe,if a lightning storm comes there are four things you can do to stay safe,0.0,0.0,0.0
u215,CMU_Kids,then not as much trash piles up,then not as much trash piles up,then not as much trash piles up,then not as much trash piles up,0.0,0.0,0.0
u216,CMU_Kids,at the market they find things they need but can not make or grow themselves,at the market they find things they need but cannot make or grow themselves,at the market they find things they need but cannot make or grow themselves,at the market they find things they need but cannot make or grow themselves,0.133,0.133,0.133
u217,CMU_Kids,tornadoes bring rain and big winds,tomatoes brings ranges and w whids,tomatoes beans oranges and weeds,tornadoes bring rain and winds,0.833,0.833,0.167
u218,CMU_Kids,the whales eat small fish,the whales eat small fish,the whales eat small fish,the whales eat small fish,0.0,0.0,0.0
u219,CMU_Kids,the onest thing the caterpillar eats is its own eggshell,the onest thing the caterpillar eats is its own eggshell,the first thing the caterpillar eats is its own eggshell,the only thing the caterpillar eats is its own eggshell,0.0,0.1,0.1
u220,CMU_Kids,they put a plant in each cage,they put a plant in each cage,they put a plant in each cage,they put a plant in each cage,0.0,0.0,0.0
u221,CMU_Kids,the winds spin around and around,the window sporking was sent away in flames,the window sporking was sent away in flames,the window sporking was sent away in flames,1.167,1.167,1.167
u222,CMU_Kids,they learn more about dinosaurs from the bones,they learn more about dinosaurs from the bones,they learn more about dinosaurs from the bones,they learn more about dinosaurs from the bones,0.0,0.0,0.0
u223,CMU_Kids,sheathbills have a hard covering called a sheath on their bills,she stills have a hard covering called a she this bill on their bills called a she this bill on their bills,shellfish have a hard covering called a shell on their bodies,sheathbills have a hard covering called a sheath on their bills,1.182,0.273,0.0
u224,CMU_Kids,people use trash to make new things,people use trash to make new things,people use trash to make new things,people use trash to make new things,0.0,0.0,0.0
u225,CMU_Kids,they blow a long thin cloud down to the ground,they blow blow a long thin cloud down to the ground,they blow a long thin cloud down to the ground,they blow a long thin cloud down to the ground,0.1,0.0,0.0
u226,CMU_Kids,some workers recycle bikes,some workers recycle bikes,some workers recycle bikes,some workers recycle bikes,0.0,0.0,0.0
u227,CMU_Kids,if a lightning storm comes there are four things you can do to stay safe,if a lightning storm comes there are four things you can do to stay safe,if a lightning storm comes there are four things you can do to stay safe,if a lightning storm comes there are four things you can do to stay safe,0.0,0.0,0.0
u228,CMU_Kids,a blue butterfly flew by,a blue butterfly flew by,a blue butterfly flew by,a blue butterfly flew by,0.0,0.0,0.0
u229,CMU_Kids,some scientists talk to the people who live in rain forests,some symptoms talk to the people who live in the rainforest,some scientists talk to the people who live in the rainforest,some scientists talk to the people who live in the rainforest,0.273,0.182,0.182
u230,CMU_Kids,then more people use them,than more people use them,then more people use them,then more people use them,0.2,0.0,0.0
u231,CMU_Kids,now they say some of the butterflies are alive,now they say some of the butterflies are still alive,now they say some of the butterflies are still alive,now they say some of the butterflies are still alive,0.111,0.111,0.111
u232,CMU_Kids,the winds blow dust and dirt around,the wind blow dust and dust around,the wind blows dirt and dust around,the wind blows dust and dust around,0.286,0.571,0.429
u233,CMU_Kids,butterflies eat only nectar,butterflies eat only nectar,butterflies eat only nectar,butterflies eat only nectar,0.0,0.0,0.0
u234,CMU_Kids,scientists are working to protect many kinds of ocean animals,scientists are working to protect many kinds of ocean animals,scientists are working to protect many kinds of ocean animals,scientists are working to protect many kinds of ocean animals,0.0,0.0,0.0
u235,CMU_Kids,they snuggle together to block the wind,they snuggled together to block the wind,they snuggled together to block the wind,they snuggled together to block the wind,0.143,0.143,0.143
u236,CMU_Kids,not long ago scientists found a dinosaur egg,not long ago since it is found a dinosaur egg,not long ago scientists found a dinosaur egg,not long ago scientists found a dinosaur egg,0.375,0.0,0.0
u237,CMU_Kids,tornadoes bring rain and big winds,turn it oobics red and big,turn it into big red and big,tornadoes bring rain and big,0.833,1.0,0.167
u238,CMU_Kids,most grow only enough food to feed their own families,most grow only enough food to feed their own family,most grow only enough food to feed their own family,most grow only enough food to feed their own family,0.1,0.1,0.1
u239,CMU_Kids,recycling is helping our earth,recycling is helping our earth,recycling is helping our earth,recycling is helping our earth,0.0,0.0,0.0
u240,CMU_Kids,a scientist walked through a field,a scientist walked through a field,a scientist walked through a field,a scientist walked through a field,0.0,0.0,0.0
u241,CMU_Kids,storms in the spring can bring lightning,storms in the spring can bring lightning,storms in the spring can bring lightning,storms in the spring can bring lightning,0.0,0.0,0.0
u242,CMU_Kids,so penguins often slide on their bellies instead of walking,so penguins often slide on their bellies instead of walking,so penguins often slide on their bellies instead of walking,so penguins often slide on their bellies instead of walking,0.0,0.0,0.0
u243,CMU_Kids,the scientists want to learn how to make new medicines,the simpsons want to learn how to make new medicine .,the scientists want to learn how to make new medicine,the scientists want to learn how to make new medicine,0.2,0.1,0.1
u244,CMU_Kids,the kids watch television or play video games instead,the kids watch television or play video games instead,the kids watch television or play video games instead,the kids watch television or play video games instead,0.0,0.0,0.0
u245,CMU_Kids,rwanda is a country in africa,rwanda is a country in africa,rwanda is a country in africa,rwanda is a country in africa,0.0,0.0,0.0
u246,CMU_Kids,some farmers grow coffee grow bananas or raise cattle,some farmers grow coffee grow bananas or raise cattle,some farmers grow coffee grow bananas or raise cattle,some farmers grow coffee grow bananas or raise cattle,0.0,0.0,0.0
u247,CMU_Kids,pollen helps flowers make seeds,pollen helps flowers make seeds,pollen helps flowers make seeds,pollen helps flowers make seeds,0.0,0.0,0.0
u248,CMU_Kids,a tropical rain forest is a warm wet place,trends,trends,trends,1.0,1.0,1.0
u249,CMU_Kids,most people in rwanda are farmers,most people in rwanda are farmers,most people in rwanda are farmers,most people in rwanda are farmers,0.0,0.0,0.0
u250,OGI_Spont,and i want to get a new bike because the one i have is about broken and i do not like it anymore and it is and also the other thing i like to do is water sports like jet skiing,going to brans camp forest park to ride with my friends and i wanted to get a new bike because the one i had is about broken i do not like it anymore the other thing i liked,going to brans camp forest park to ride with my friends and i wanted to get a new bike because the one i had is about broken i do not like it anymore the other thing i liked,going to brands camp forest park to ride with my friends and i want to get a new bike because the one i have is about broken and i do not like it anymore and also the other thing i like to,0.683,0.683,0.512
u251,OGI_Spont,watch the sunset blue red yellow orange just stuff like that,yeah no that was nice yeah watch the sunset blue red yellow,yeah that was nice yeah we watched the sunset blue red yellow,yeah no that was nice yeah watch the sunset blue red yellow,1.0,1.091,1.0
u252,OGI_Spont,one of my friends named matthew has got irons cops i mean bad guy in my stuffed animals i have teen i have got brothers too and two i have two other sisters,and yes who is at the same time,and yes who is at the same time,i am one of my friends named matthew fox i am a bad guy umm i have some stuffed animals i got brothers too and two other sisters,1.0,1.0,0.576
u253,OGI_Spont,a c d e f g h i j k l m n zero p q r s t u v w x y z the kid,the kid pigs are always so cute how do you get out of trouble,the three pigs are always so cute how do they get out of trouble,the kid pigs,1.0,1.0,0.963
u254,OGI_Spont,and he lives right across the street uhm i have a lot of friends my teacher is miss wilcocks i am in threerd grade next year i will be in fourth grade,school i am going to lose right across the street i have a lot of friends my teachers miss willcocks on threerd grade next year i will be in fourth grade,school i am going to is right across the street i have a lot of friends my teacher is miss willcocks in third grade next year i will be in fourth grade,school i am going to is right across the street i have a lot of friends my teacher is miss wilcox i am in threerd grade next year i will be in fourth grade,0.406,0.344,0.25
u255,OGI_Spont,in track i sprint i do the one hundred yard dash i,and track i sprint i do the one hundred yard dash,and track i sprint i do the one hundred yard dash,in track i sprint i do the one hundred yard dash,0.167,0.167,0.083
u256,OGI_Spont,a lot of games but some we missed some twenty-two games because i mean one game uhm because they were it was too late for them uhm one i got one little brother and one big brother,it was to play a lot of games bits we missed some two games i mean one game because it was too late for them when i got one little brother and one big brother and he was,it was fun to play a lot of games but we missed some two games i mean one game because it was too late for them and i got one little brother and one big brother and he was,play a lot of games but we missed two games i mean one game because it was too late for them i got one little brother and one big brother and,0.421,0.421,0.289
u257,OGI_Spont,basketball i like to play basketball at the park yeah we play one on one or three on three uhm small they are a small town small town and everybody,i like to play basketball at the park yeah rubeley one hundred and one or around three they are small town they are small town everybody here is pretty nice,i like to play basketball at the park yeah there are like one hundred and one or around three it is a small town it is a small town everybody here is pretty nice,i like to play basketball at the park yeah we play one on one or three on three there is small town small town everybody here is pretty nice,0.533,0.6,0.367
u258,OGI_Spont,we i go to work with my grandpa uhm i go fishing and we get mcdonald is and we catch big fish,house we got a work with my green pot i go fishy we get mcdonald is and we catch big fish,we go to work with my grandpa i go fishing we get mcdonalds and we catch big fish,house i got to work with my green pot i go fishing and we get mcdonald is and we catch big fish,0.364,0.227,0.182
u259,OGI_Spont,hands and feet one is big strong he is uhm mean and he can uhm uhm turn in electricity has knife a knife uhm he fights,here is what was said when i was in a normal situation i was very surprised that i was quite surprised because i was super excited and i was very excited,here is what was said when i was in a normal situation i was very surprised that i was quite surprised because i was super excited and i was very excited,here is what was said when i was in a normal situation i was very surprised that i was quite surprised because i was super excited and i was very excited,1.192,1.192,1.192
u260,OGI_Spont,sure ready a b c d e f g h i j k l m n zero p q r s t u v w x y and z go home and read my book and just sit around i guess some children of the river and my favorite movie,sure ready abcdefghijk aluminum and opqrstuv wxynzy go home and read my book and just sit around i guess some children of the river and my favorite movie is .,sure ready a b c d e f g h i j k l m n o p q r s t u v w x y z i go home and read my book and just sit around i guess children of the river and my favorite movie is,sure ready a b c d e f g h i j k l m n zero p q r s t u v w x y and z go home and read my book and just sit around i guess children of the river and my favorite movie is,0.56,0.1,0.04
u261,OGI_Spont,the doctor was doctor mace,he was eating rabbits for his medicine the doctor was doctor may,he was eating rabbits for his medicine the doctor was doctor may,he was eating rabbits for his medicine the doctor was doctor may,1.6,1.6,1.6
u262,OGI_Spont,and the dog goes ruff ruff a snake went sliming through the trees this snake was the slimiest one in the forest the snake went through eating animals everyday for each day he went eating rabbits for his medicine,when a dog goes rough rough a snake quit slamming through the trees this snake was a slimyest one in the forest this snake went through eating animals everyday for each day,when a dog goes ruff ruff a snake went slithering through the trees this snake was the slimiest one in the forest this snake went around eating animals every day,and the dog goes ruff ruff a snake went slimy through the trees this snake was the slimiest one in the forest this snake went through eating animals every day for each day,0.41,0.385,0.282
u263,OGI_Spont,because you can train them a lot better and make them more better than some people can if they do not train them very good is that enough,like that plus i like cats and dogs especially puppies because you can turn a lot better and make them more better than some people can if they do not join him very good i,like that plus i like cats and dogs especially puppies because you can train them a lot better and make them more better than some people can if they do not train them very good i,like that plus i like cats and dogs especially puppies because you can train them a lot better and make them more better than some people can if they do not train them very good is that enough,0.607,0.464,0.357
u264,OGI_Spont,and we did math you know computers out there and we did and we did cutting,and their road maybe my friends what you do somewhere and we .,and they rode maybe my friends what do you do somewhere and we,and their road maybe my friends we go somewhere in and we,0.812,0.812,0.812
u265,OGI_Spont,a b c d e f g h i j k l m n zero p q r s t u v w x y z i like to draw anything uhm i have two sisters but one lives in michigan with my dad and my other sister is eleven,abcd efg hijk lnn pq rst uv w x y z i like to draw anything and i have two sisters but one loves a machine camera with my dad and my other sisters eleven she loves,a b c d e f g h i j k l m n o p q r s t u v w x y z i like to draw anything and i have two sisters but one loves to mess with the camera with my dad and my other sister is eleven she loves,a b c d e f g h i j k l m n zero p q r s t u v w x y z i like to draw anything and i have two sisters but one lives in machine camera with my dad and my other sister is eleven she lives,0.62,0.2,0.1
u266,OGI_Spont,uhm lots of people and he is one of the best ones another one is uhm tall big and he fights with his hands my brother little brother,i have watched a lot of people and he is one of the best ones another one is tal big and he fetuses hands my little brother is .,i have watched a lot of people and he is one of the best ones another one is tall and big and he has huge hands my little brother is,he fights lots of people and he is one of the best ones another one is tall big and he fights with his hands my little brother is,0.429,0.429,0.179
u267,OGI_Spont,probably go visit friends and stuff spend the night at people is houses because we do not have nowhere to live down there that is probably about all i was down at washington and uhm what uhm we went over to my friend is house and then we we went into the,we went over to my friend tells and then we went to the forest to,we went over to my friend's house and then we went to the forest to,we went over to my friend is house and then we went into the forest,0.827,0.827,0.75
u268,OGI_Spont,my grandma lives with me and that is about it it is about a guy who falls in love with this girl on ship of titanic and loves her so much that he tries to get her to love him and the girl is boyfriend tries to kill him but when the ship wrecks he dies and she lives and it is a,my grandma lives with me i am about is a guy who falls in love with his girl and he loves her so much that i tried to get her to love him and his boy friend tries to kill him but when the ship wrecks he dies and she lows and it is really cool,my grandma lives with me it is about a guy who falls in love with a girl and he loves her so much that he tries to get her to love him and her boyfriend tries to kill him but when the ship wrecks he dies and she lives and it is really cool,my grandma lives with me and it is about a guy who falls in love with this girl on the ship of titanic and he loves her so much that he tries to get her to love him and the girl is boyfriend tries to kill him but when the ship wrecks he dies and she lives and it is really cool,0.333,0.254,0.127
u269,OGI_Spont,y z when you play volleyball you get three hits on a side the you can serve uhm when someone serves to you try to pass the ball to the setter the setter will set the ball with her fingers and then someone in the front ro front row will hit the ball,six y z when you play volleyball you get three hits on the side you can serve when someone serves you you try and pass the ball to the center the center will set the ball with her fingers and then someone in the front row will hit the ball,x y z when you play volleyball you get three hits on a side you can serve when someone serves to you you try and pass the ball to the setter the setter will set the ball with her fingers and then someone in the front row will hit the ball,y z when you play volleyball you get three hits on a side you can serve when someone serves you you try and pass the ball to the setter the setter will set the ball with her fingers and then someone in the front row will hit the ball,0.189,0.132,0.113
u270,OGI_Spont,and then we had to fly back we had a really long flight all the way back and i was really tired we got back late and the flights were all delayed but when we got back i was i was really tired so i fell asleep really early,and let me have to fly back we had a really long flight all the way back it was really tight we got back late and the flights were all delayed but when we got back i was really tired so i fell asleep really really,and then we had to fly back we had a really long flight all the way back it was really tiring we got back late and the flights were all delayed but when we got back i was really tired so i fell asleep really really,and then we had to fly back we had a really long flight all the way back and it was really hard we got back late and the flights were all delayed but when we got back i was really tired so i fell asleep really early,0.184,0.122,0.082
u271,OGI_Spont,it is the other team is turn to go up and bat there are only allowed nine players on the field three on the outfield and the other six in the infield you can only get three strikes while you are up to bat and four balls if you get hit while hit by the pitch while you are,it is the other teams turn to go up and bat there are only loud nine players on the field three in the outfield and the other six in the infield you can only get three strikes while you are up to bat in four balls if you do hit by the pitch while you are batting,it is the other team's turn to go up and bat there are only nine players on the field three in the outfield and the other six in the infield you can only get three strikes while you are up to bat and four balls or if you get hit by the pitch while you are batting,it is the other teams turn to go up and bat there are only allowed nine players on the field three in the outfield and the other six in the infield you can only get three strikes while you are up to bat and four balls if you get hit by the pitch while you are batting,0.153,0.136,0.102
u272,OGI_Spont,park we go to their house playing i do not know these or we go to the dance do not know well like we like make parties over if it is not over at their house it is over at my house their rooms like like we just hang out it is like i do not know,we go to the park we go to their house play i do not know these over we go to the dance i do not know we like make parties over if it is not over at the house it is over at my house my room is like like we just hang out it is like i do not know,we go to the park we go to their house and play i do not know stuff over there we go to the dance i do not know we like make parties over there if it is not over at their house it is over at my house in my room it is like we just hang out it is like i do not know,we go to the park we go to the house play i do not know we go to the dance i do not know we like make parties over if it is not over at the house it is over at my house everyone is like we just hang out it is like i do not know,0.228,0.316,0.263
u273,OGI_Spont,autograph book so i got a lot of people is autographs and i saw tigger and i got pooh is autograph i like how he writes it and we went to universal universal studios uhm well la la la la uhm i,autograph books i got a lot of people is autograph and i saw a figure and i got pretty photographed i like how you write we went to universal studios i saw this,autograph books i got a lot of people's autographs and i saw a famous person and i got my picture taken i liked how they write we went to universal studios i saw this,autograph books i got a lot of people is autograph and i saw tiger and i got poo autograph i like how you write it and we went to universal studios i saw,0.5,0.571,0.405
u274,OGI_Spont,and you have to keep it within the court is boundaries the instrument that i play is the tuba uhm it is the bass section part of the band and it has the same fingering as the trumpet it is just lower,and you have to keep it within the quartz foundries the instrument that i play in the tuba is the bass section part of the band it has the same fingering as the trumpet it is just lower,and you have to keep it within the court boundaries the instrument that i play is the tuba it is in the bass section part of the band it has the same fingering as the trumpet it is just lower,and you have to keep it within the courts boundaries the instrument that i play is the tuba it is the bass section part of the band and it has the same fingering as the trumpet it is just lower,0.167,0.095,0.071
u275,OGI_Spont,lot of trees it is quiet some parts uhm there is a lot of places you can go for fun and,this is a lot of trees there are a lot of places you can go for fun,there is a lot of trees there are a lot of places you can go for fun,that is a lot of trees it is quiet some parts there are a lot of places you can go for fun,0.476,0.476,0.286
u276,OGI_Spont,pigs left the mama pig to seek their fortune two of the p one of the pigs built their house of straw the other of sticks and the last one of bricks then the big bad wolf came,kid pig left the mama a peg to seek their fortune two of the pigs go to their house of straw the other are sticks and the last one of bricks then the big battle wolf came,three pigs left their mama pig to seek their fortune one of the pigs made his house of straw the other of sticks and the last one of bricks then the big bad wolf came,the kid pigs left the mama pig to seek their fortune two of the pigs one of the pigs built their house of straw the other of sticks and the last one of bricks then the big battle wolf came out,0.316,0.211,0.132
u277,OGI_Spont,i like to go to the swimming pool i like to go to the store with my mom i like to go see the movies and i like to play with my friends and go to school and have a sleep over uhm i,i like to go to a swimming pool i like to go to a store with my mom i like to go to the movies and i like to play with my friends and go to school and i was sleeping over,i like to go to a swimming pool i like to go to a store with my mom i like to go to the movies and i like to play with my friends and go to school and i like sleeping over,i like to go to the swimming pool i like to go to the store with my mom i like to go to the movies and i like to play with my friends and go to school and i will sleep over,0.182,0.182,0.114
u278,OGI_Spont,have six words uhm ring around the rosie ring around the rosie pocket full of ashes ashes we all fall down,ring around the rosy ring around the rosy puck of myth that is just ash is ash is we all fall down,ring around the rosie ring around the rosie pocket full of posies ashes ashes we all fall down,ring around the rosy ring around the rosy pocket full of posies ashes ashes we all fall down,0.714,0.238,0.333
u279,OGI_Spont,i went to tortilla flat and took a cruise around i think canyon lake because of el nino er yeah el nino it was a lot greener than it was supposed to be but it pretty dead except for the big saguaro cactuses they are just tall,i went to tortilla flat and took a cruise around canyan lake because of el nino its a lot greener than it was supposed to be but it was pretty dead except for the big saguaro cactus,i went to tortilla flat and took a cruise around canyon lake because of el nino it is a lot greener than it was supposed to be but it was pretty neat especially the big saguaro cactus,i went to tortilla flat and took a cruise around i think canyon lake because of el nino it was a lot greener than it was supposed to be but it was pretty dead except for the big saguaro cactuses,0.319,0.34,0.191
u280,OGI_Spont,that is the only game we watch i like soccer a lot but i like basketball more uhm i like three pointers and uhm fast shots i do not like game foul though uhm hockey never watch it just i do not like it uhm school in math is my favorite subject i do not know why it is just my f,that is the only game we watch i like soccer a lot but i like basketball more i like three pointers and foul shots i do not like getting fouled though hockey never watch it i do not like it school in math is my favorite subject i do not know why it is just my subject,that is the only game we watch i like soccer a lot but i like basketball more i like three pointers and foul shots i do not like getting fouled though hockey i never watch it i do not like it school um math is my favorite subject i do not know why it is just my subject,that is the only game we watch i like soccer a lot but i like basketball more i like three pointers and foul shots i do not like getting fouled though hockey never watch it i do not like it school in math is my favorite subject i do not know why it is just my subject,0.145,0.177,0.145
u281,OGI_Spont,and so i never went with him but i want to go sometimes you record this what he is my uncle tim and he uhm gave he gave the uhm bear to his dad and he frozed it and put it on some dirt and rocks and made it,part and had a picnic we went to ice caves there it is a big castle way down the vise we just go in there and go around and look at the place inside and we went to go fishing,park and had a picnic we went to the ice caves there it is a big cave way down inside we just go in there and go around and look at the place inside and we went to go fishing,park and had a picnic and we went to ice caves there it is a big castle made out of ice and we just go in there and go around and look at the place inside and we went to go fishing,0.918,0.918,0.918
u282,OGI_Spont,is a secretary uhm go to track or do my sports whatever three hundred hurdles and long relay ohh and get you trail leg fast over fast,my mom is secretary go to track or do my sports whatever three hundred hurdles and long really go and get your trail like fast over fast,my mom is a secretary i go to track and do my sports whatever three hundred hurdles and long jump you go and get your trail leg fast over fast,my mom is a secretary go to a track or do my sports whatever three hundred hurdles and long relay go and get your trail leg fast over fast,0.296,0.296,0.222
u283,OGI_Spont,then we are going to california to visit some relatives we have like a cottage down there it is a little house that they get when we go up there and uhm i have a cat its name is angel i have a dog its name is muray and i,there and then we are going to california to visit some relatives we have like a cottage down there it is a little house that they get when we go up there and i have a cat that is name is angel i have a dog it is name is marie and i have a bird,there and then we are going to california to visit some relatives we have like a cottage down there it is a little house that they get when we go up there and i have a cat its name is angel i have a dog its name is marie and i have a bird,there and then we are going to california to visit some relatives we have like a cottage down there it is a little house that they get when we go up there and i have a cat its name is angel i have a dog its name is murray and i have a bird,0.22,0.14,0.14
u284,OGI_Spont,that was rolling down the street then a dog was coming chasing afterthe cat the cat slowed down then the dog ran ran to the side of the road then the dog ran after the cat again so then the mouse ran to the cheese and he caught the cheese and ate the cheese so then,the food that was rolling down the street then a dog was coming chasing after the cat the cat so down then the dog ran to the side of the road then the dog ran after the cat again so then the mouse ran to the cheese and he caught the cheese and ate the cheese so then .,the food that was rolling down the street then a dog was coming chasing after the cat the cat sat down then the dog ran to the side of the road then the dog ran after the cat again so then the mouse ran to the cheese and he caught the cheese and ate the cheese so then,the food that was rolling down the street then a dog was coming chasing after the cat the cat slowed down then the dog ran to the side of the road then the dog ran after the cat again so then the mouse ran to the cheese and he caught the cheese and ate the cheese so then,0.107,0.107,0.089
u285,OGI_Spont,like each other uhm six kids at a school in paris uhm that likes doing stuff together,kids donit like each other six kids add a school in paris that like doing stuff together,kids do not like each other six kids at a school in paris that like doing stuff together,kids do not like each other six kids at a school in paris that like doing stuff together,0.353,0.353,0.353
u286,OGI_Spont,flute you put your hands on the keys and then move them up and down and you blow through the hole how do you mean by the notes just ohh the set of scale uhm there is a whole bunch of different ones there is just,you are playing a flute you put your hands on the keys and then you move them up and down if you go through the hole how do you mean by the notes there is just a,you are playing a flute you put your hands on the keys and then you move them up and down if you cover the holes that is how you make the notes there is just a,when you are playing a flute you put your hands on the keys and then you move them up and down and you blow through the hole how do you mean by the notes there is like a scale there is a whole bunch of different ones,0.5,0.652,0.326
u287,OGI_Spont,mary went through the woods a little girl she had a little dog the dog got lost and the dog could never find his way suddenly he saw a weird thing nearby he picked it up with his mouth and tried to find mary he she found mary and dropped it in her hand she goes what is this snuggle face she,mary went through the woods a little girl she had a little dog the dog got lost and the dog could never find his way suddenly he saw a weird thing nearby he picked it up with his mouth and tried to find mary he found mary and dropped it into her hand she goes what is this now little faith .,mary went through the woods a little girl she had a little dog the dog got lost and the dog could never find his way suddenly he saw a weird thing nearby he picked it up with his mouth and tried to find mary he found mary and dropped it into her hand she goes what is this now little fate,mary went through the woods a little girl she had a little dog the dog got lost and the dog could never find his way suddenly he saw a weird thing nearby he picked it up with his mouth and tried to find mary he found mary and dropped it in her hand she goes what is this now little face,0.081,0.081,0.065
u288,OGI_Spont,the rope on a playground in a yard in the sandbox and only sisters we got seven sisters counting me all prissy they they always put on makeup,play on the ladder and the rope on a playground in a yard and a sandbox only sisters we got seven sisters county me,play on the ladder and the rope on a playground in our yard and a sandbox only sisters we got seven sisters counting me,play on the ladder and the rope on a playground in a yard and a sandbox only sisters we got seven sisters counting me,0.607,0.607,0.571
u289,OGI_Spont,a b c d e f g h i j k l m n zero p q r s t u v w x y and z uhm i like uhm riding dirt bikes jumping off hills and going to brown is camp forest park to ride with my friends,a b c d e f g h i j k l m zero b q r s t u e w x y and z i like running dirt bikes jumping off hills and,a b c d e f g h i j k l m n o p q r s t u v w x y and z i like riding dirt bikes jumping off hills and,a b c d e f g h i j k l m n zero p q r s t u v w x y and z i like riding dirt bikes jumping off hills and,0.36,0.3,0.28
u290,OGI_Spont,my mom is going to take me to haag lake this summer so that i can go swimming and we are going to have lots of fun because we are going to go down to california also to see my dad and my mom does not really want me to go this week or in two weekends so because it is going to be mother is day weekend but that is my gift because it is going to be me going away,and my mom is going to take me to have like this summer so that i can go swimming and we are going to have lots of fun because we are going to go down to california also to see my dad and my mom does not really want me to go this week or too weekend so because it is going to the middle of the day is weekend but thats my gift because it is going to be me going away,and my mom is going to take me to hawaii this summer so that i can go swimming and we are going to have lots of fun because we are going to go down to california also to see my dad and my mom does not really want me to go this week or this weekend because it is going to be in the middle of her weekend but that is my gift because it is going to be me going away,and my mom is going to take me to have like this summer so that i can go swimming and we are going to have lots of fun because we are going to go down to california also to see my dad and my mom does not really want me to go this week or in two weekends so because it is going in the middle of the weekend but that is my gift because it is going to be me going away,0.159,0.146,0.098
u291,OGI_Spont,my sister has long hair my little sister has short hair my brothers has a mushroom head and my other brother has a mushroom head and my mom has long hair and my dad has a tail what do i like to do at school play with my friends i,my sister has long hair my little sister has short hair my brother has a mushroom head and my other brother has a mushroom head and my mom has long hair and my dad has tail i like the tattoo school it plays my friends i play his whole life,my sister has long hair my little sister has short hair my brother has a mushroom head and my other brother has a mushroom head and my mom has long hair and my dad has a tail i like to go to school to play with my friends i played there my whole life,my sister has long hair my little sister has short hair my brother has a mushroom head and my other brother has a mushroom head and my mom has long hair and my dad has tail i like to play with my friends,0.26,0.22,0.16
u292,OGI_Spont,and uhm i remember he was there is this like a parachute on it and they had to stay on it because they could not find a way to get down and they had to eat the peach to survive i,so i found a giant peach and i remember he was there is this like a parachute on it and they had to stay on it because it could not find a way to get down and they had to eat the peach to survive .,so they found a giant peach and i remember there was like a parachute on it and they had to stay on it because they could not find a way to get down and they had to eat the peach to survive,found a giant peach and i remember he was there is this like a parachute on it and they had to stay on it because they could not find a way to get down and they had to eat the peach to survive,0.22,0.293,0.146
u293,OGI_Spont,sinks with like a lot of people man but it is a great movie sayings and a lot of people die and like most like the most that are were saved was the ladies but not like most of all their their husbands die,this syncs with like a lot of people man it is a great movie syncs and a lot of people die and like most like the most people that were stayed was the ladies but not like most of all their husbands die,the ship sinks with like a lot of people man it is a great movie it sinks and a lot of people die and like the most people that were saved was the ladies but most of all their husbands died,that sinks with a lot of people man but it is a great movie that sinks and a lot of people die like the most people that were saved was the ladies but most of all their husbands die,0.182,0.295,0.273
u294,OGI_Spont,at something and she is sometimes she gets up she loses her temper sometimes freckles because he calls her freckle face my mom is really nice and my dad is he is real nice too he is working on a model airplane with me right,laughing at something and she is she she sometimes she gets so she loses her temper sometimes reckless he says he calls her freckle face her mom is really nice and my dad he is really nice too he is working on my alert thing with me right now,laughing at something and she is she sometimes she gets so she loses her temper sometimes because he says he calls her freckle face her mom is really nice and my dad he is really nice too he is working on my alert thing with me right now,laughing at something and sometimes she gets so she loses her temper sometimes reckless he calls her freckle face my mom is really nice and my dad he is really nice too he is working on my alert thing with me right now,0.311,0.289,0.267
u295,OGI_Spont,my turtle is green and the snake is kind of like gray kind of like gold,my turn is three jingles and this is kind of like gray i put in a couple of,my turn is three jingles and this is kind of like gray i put in a couple of,my turn is three jingles and this is kind of like gray i put in a couple of,0.688,0.688,0.688
u296,OGI_Spont,uhm i slept with your boyfriend uhm i am gay i am a lesbian things like that bummer what is the other movie red corner i can not think of anything else right now we just rented those last night yeah i did not get to watch red corner but i watched it was,has i am gay i am a lesbian just like that i am so very well made red corner we can not think of anything else right now we just rented those last night yeah i did not get to watch red corner but i watched it and i want you to last time,has i am gay i am a lesbian just like that i am so very well made red corner we can not think of anything else right now we just rented those last night yeah i did not get to watch red corner but i watched it and i want you to last time,i slept with your boyfriend i am gay i am a lesbian like that summer red corner we can not think of anything else right now we just rented those last night yeah i did not get to watch red corner but i watched it now i ate it last time,0.407,0.407,0.296
u297,OGI_Spont,lived in beaverton i do not remember though but i know i lived there and uhm and now i just live in forest grove i have lived here for a while uhm i am probably going to get a job trying to get uhm thinking about getting a job so i can drive that is one thing that i am really that i know that i am,i lived in beaverton i do not remember though but i i know i live there and now i am just looking for a scrub i have lived here for a while i am probably going to get a job trying thinking about getting a job so i drive that is the one that i know that i am doing,i lived in beaverton i do not remember though but i i know i lived there and now i am just looking for a job i have lived here for a while i am probably going to get a job i am thinking about getting a job so i can drive that is the one thing that i know that i am doing,i lived in beaverton i do not remember though but i know i lived there and now i just live in forest grove i have lived here for a while i am probably going to get a job trying to get i am thinking about getting a job so i can drive that is the only thing that i know that i am doing,0.328,0.299,0.194
u298,OGI_Spont,a b c d e f g h i j k l m n zero p q r s t u v w x y z a nice year and then i moved to australia for a year then i moved back yeah you have to tread water you can not touch the,a by cdc the fd and then i have trust your life for a year and then i will move back the tread water you can not touch the bottom,a b c d e f g and then i have to stay there for a year and then i will move back to tread water you can not touch the bottom,a b c d e f g h i j k l m n zero p q r s t u v w x y z nice here and then i moved to australia for a year and then i moved back yeah you have to tread water you can not touch the bottom,0.736,0.604,0.075
u299,OGI_Spont,p q r s t u v w x y and z i played with my duba pet and my sister like it has a little animal on it and then there is there are buttons and it has,this is the onest color for me to put on the video and the twond color for this,this is the first color for me to put on the video and the second color for this,this is the onest color for me to put on the video and the twond color for this,0.974,0.974,0.974
u300,OGI_Spont,russians and he is like being held hostage and he is fighting all these people and uhm he finally gets the guy off of the plane and the plane crashes but you know it gets rescued rescued out of another plane like the rope thing and i guess that is it,over by russians and he like being held hostage and he is fighting all these people and he finally gets the guy from the plane and the plane crashes but you know it gets rescued out of another plane like a rope thing and i guess that is it,over by russians and he is like being held hostage and he is fighting all these people and he finally gets the guy off the plane and the plane crashes but you know he gets rescued out of it by another plane like a rope thing and i guess that is it,over by russians and he like being held hostage and he is fighting all these people and he finally gets the guy from the plane and the plane crashes but you know it gets rescued out of another plane like the rope thing and i guess that is it,0.157,0.176,0.137
u301,OGI_Spont,uhm games or play station because play station gots good graphics my favorite game is tomb grader two,games for playstation because playstation got good graphics my favorite game is tomb raider two,games for playstation because playstation has got good graphics my favorite game is tomb raider two,games for playstation cause playstation got good graphics my favorite game is tomb raider two,0.444,0.444,0.5
u302,OGI_Spont,all these pets that are stolen there this one that is a monkey that some guys took and it is worth a lot of money and then he goes and tries to get this monkey and this monkey is never there it is always gone uhm i do not know my mom works up in up in the deli in the grove my dad is a construction worker,and trying to find all these pets that are stolen there is just one is some monkey that some guys took and they are worth a lot of money and he goes and tries to get this monkey this monkey is never there it is always gone my mom works up in the delen agro my dad is a construction worker,and trying to find all these pets that are stolen there is just one that is some monkey that some guys took and they are worth a lot of money and he goes and tries to get this monkey but this monkey is never there it is always gone my mom works up in the dental office my dad is a construction worker,and trying to find all these pets that are stolen there is this one is a monkey that some guys took and it is worth a lot of money and then he goes and tries to get this monkey this monkey is never there it is always gone i do not know my mom works up in the deli and the grove my dad is a construction worker,0.338,0.324,0.162
u303,OGI_Spont,dion sanders the i can not remember think the dolphins yeah i like baseball yeah yeah uhm usually pitcher,yeah deon sanders gary ruber i think the dolphins i like baseball yeah yeah,yeah deion sanders gary roberts i think the dolphins i like baseball yeah yeah,yeah deon sanders gary ruber i think the dolphins i like baseball yeah yeah,0.579,0.579,0.579
u304,OGI_Spont,oreo and we named it and it is a baby and we named it oreo because it had one white eye and one black eye and my cat my cat tabatha uhm she is the mom of oreo but she has been ma she bites him and stuff and uhm my dog my dog when when my cat tabatha,named aureo and we named it and it is a baby and we named it aureo because it has one white eye a woman black eye and like my cat tabisa and she is the mom of aureo but she is a bitanist off and my dog my dog my cat tabisa was,named oreo and we named it and it is a baby and we named it oreo because it has one white eye and one black eye and like my cat tabitha and she is the mom of oreo but she is a bit nicer and my dog my dog my cat tabitha was,named oreo and we named it and it is a baby and we named it oreo because it has one white eye and one black eye and like my cat tabitha and she is the mom of oreo but she bites him and stuff and my dog my dog my cat tabitha was,0.407,0.322,0.254
u305,OGI_Spont,a b c d e f g h i j k l m n zero p q r s t u v w x y z okay well in tennis you try to hit the ball across the net and get it over get it in between the little box thingy where it is supposed to go and then there is a certain spot when,abcdefjjklmlpqrs quqxlyc well in tennis you try to hit the ball across the net and get it in between the little box lee where it is supposed to go and then there is a certain spot when you can start the,a b c d e f g h i j k l m n o p q r s t u v w x y z well in tennis you try to hit the ball across the net and get it in between the little box where it is supposed to go and then there is a certain spot where you can start the,a b c d e f g h i j k l m n zero p q r s t u v w x y z okay well in tennis you try to hit the ball across the net and get it in between the little box thingy where it is supposed to go and then there is a certain spot when you can start the,0.538,0.169,0.108
u306,OGI_Spont,now my parents will be here this weekend because they have an anniversary and my mom is boss is coming to stay with us she is a little bit wacco but i can live with it and my parents are going to long beach they are going to stay there for the weekend they are going to come back late sunday night and,my parents will not be here this weekend because they have an anniversary and my mom is boss is coming to stay with us she is a little bit whack zero but i can live with it and my parents are going along the beach they are going to stay there for the weekend and they are going to come back late sunday night and,my parents will not be here this weekend because they have an anniversary and my mom's boss is coming to stay with us she is a little bit whacko but i can live with it and my parents are going down to the beach they are going to stay there for the weekend and they are going to come back late sunday night and,my parents will not be here this weekend because they have an anniversary and my mom is boss is coming to stay with us she is a little bit wacko but i can live with it and my parents are going to long beach they are going to stay there for the weekend and they are going to come back late sunday night and,0.111,0.127,0.063
u307,OGI_Spont,that ah i used to go on that is all,the rain on that i used to go on it but that is all this is what is up,the ride on that i used to go on it but that is all this is what is up,i used to go on it but that is all,1.1,1.1,0.4
u308,OGI_Spont,a b c d e f g h i j k l m n zero p q r s t u v w x y and z i i might go to my grandma is a actually i am moving to redmond huh my mom is boyfriend lives there,i actually am moving to redmond ah how my mom is boyfriend was there,i actually am moving to redmond because my mom's boyfriend was there,a b c d e f g h i j k l m n zero p q r s t u v w x y and z i might go to my grandma is actually i am moving to redmond huh my mom is boyfriend was there,0.796,0.816,0.061
u309,OGI_Spont,really cool movie,really cool movie,really cool movie,it is a really cool movie,0.0,0.0,1.0
u310,OGI_Spont,is marsha my mom is name is marsha my dad is name is robin uhm my mom works at glencoe high school my dad works at independant marine propeller uhm i have one brother named nick and i have a dog named mustard,i guess that is it my mom is name is marsha my mom is name is marsha my dad is name is robin my mom works at glenko high school my dad works at independent marine for collar my own brother named nick my dad works at independent marine for collar i have one brother named nick i have a dog named buster,i guess that is it my mom's name is marsha my mom's name is marsha my dad's name is robin my mom works at glencoe high school my dad works at independent marine for a living i have one brother named nick my dad works at independent marine for a living i have one brother named nick i have a dog named buster,i guess that is it my mom is name is marsha my dad is name is robin my mom works at glencoe high school my dad works at independent marine propeller i have one brother named nick and i have a dog named buster,0.674,0.744,0.186
u311,OGI_Spont,out and then and then after that we would have our home room and we would go to a cabin and meet with our teacher and we talked about this stuff and we could talk about what we did that day and that is about it we went to campion hill,plate sprout ball it is where you have to throw the ball and get something out after that we would have our home room and we would go to a cabin and meet with our teacher and we would talk about this stuff and we could talk about what we did that day and that is about it we went to camp yum hoe,plate spot ball it is where you have to throw the ball and get someone out after that we would have our home room and we would go to a cabin and meet with our teacher and we would talk about this stuff and we could talk about what we did that day and that is about it we went to camp yamhill,we played sprout ball it is where you have to throw the ball and get somebody out then after that we would have our homeroom and we would go to a cabin and meet with our teacher and we would talk about all this stuff and we could talk about what we did that day and that is about it we went to camp yamhill,0.392,0.373,0.451
u312,OGI_Spont,a b c d e a b c d i can not remember a b c d e f g h i j kel k l m n zero p q r s t u v w x y and z hunt for bears i like to go to my uncle and and s and when we set up camp,a b c d e f g h i j k l m n zero p q r s t u b w x y and z my favorite vacation was when i went to idaho when summer and we went to the part,a b c d e f g h i j k l m n o p q r s t u v w x y and z my favorite vacation was when i went to idaho one summer and we went to the park,a b c d e f g h i j k l m n zero p q r s t u v w x y and z my favorite vacation was when i went to idaho one summer and we went to the park,0.533,0.533,0.517
u313,OGI_Spont,dash rendar luke skywalker chewy and lea well they are on this mission to uhm like yeah well they have one of them have,sooo dash render luke skywalker chewie and leia well they are on this mission deadhome like yeah well they have one of them half,so han solo luke skywalker chewie and leia well they are on this mission to get home like yeah well they have one of them have,solo dash render luke skywalker chewie and leia well they are on this mission like yeah well they have one of them,0.292,0.292,0.292
u314,OGI_Spont,a b c d e f g h i j k l m n zero p q r s t u v w x y and z uhm this summer i am going to go back to pennsylvania where my uhm dad is mom lives and we might go to gettysburg and,a b c d e f g h i j k l m n zero p q r s t u v w x y and c this summer i am going to go back to pennsylvania where my dad is mom lives and we might go to gettysburg and washington university,a b c d e f g h i j k l m n o p q r s t u v w x y and z this summer i am going to go back to pennsylvania where my dad's mom lives and we might go to gettysburg and washington d c,a b c d e f g h i j k l m n zero p q r s t u v w x y and z this summer i am going to go back to pennsylvania where my dad is mom lives and i might go to gettysburg and washington,0.096,0.154,0.077
u315,OGI_Spont,yeah a b c d e f h i j k l m n a b c d e f g h i j k l m n zero p q r s t u v w x y and z this summer i am going to after two weeks of gainer school uhm i am going to go back to my hometown new mexico,yeah a b cdf h i jk l a b c d f g h i jk lm and p qrs tu v wxy and z at this summer i am going to after two weeks of getting at school i am going to go back to my hometown new mexico my spirit,yeah a b c d f h i j k l a b c d f g h i j k l m n o p q r s t u v w x y and z this summer i am going to after two weeks of getting out of school i am going to go back to my hometown in new mexico my spirit,yeah a b c d e f g h i j k l a b c d e f g h i j k l m n zero p q r s t u v w x y and z this summer i am going to after two weeks of getting out of school i am going to go back to my hometown new mexico my sister,0.446,0.185,0.138
u316,OGI_Spont,little the onest time i did shotput i did better than i ever have so i and i can not better than it now but ohh well uhm i do not really have a favorite they are just all the same i mean they are not the same but they are all the same easiness and hardness so i do not i do not know i would like to say,a little the onest time i did shot what i did better than i ever have so like and i can not get better than it now but i will i do not only have a favorite they are just all the same i mean they are not the same but they are all the same easiness and hardness so i do not know i like to say javelin thanks,a little the last time i did shot put i did better than i ever have so like and i can not get better than it now but i will i do not really have a favorite they are just all the same i mean they are not the same but they are all the same easiness and hardness so i do not know i like to say javelin thanks,a little the onest time i did shot put i did better than i ever have so like and i can not get better than it now but i will i do not really have a favorite they are just all the same i mean they are not the same but they are all the same easiness and hardness so i do not i do not know i like to say javelin,0.214,0.214,0.143
u317,OGI_Spont,okay a b c d e f g h i j k l m n zero p q r s t u v w x y and z probably sh when i went to arizona i stayed with my grandparents and the flight made two stops on the way back which were at san jose and los,a b c d e f g h i j k l m n zero p q r s t u v w x y and z probably when i went to arizona i stayed with my grandparents and the flight made two stops on the way back which were at san jose and los angeles,a b c d e f g h i j k l m n o p q r s t u v w x y and z probably when i went to arizona i stayed with my grandparents and the flight made two stops on the way back which were at san jose and los angeles,a b c d e f g h i j k l m n zero p q r s t u v w x y and z probably when i went to arizona i stayed with my grandparents and the flight made two stops on the way back which were at san jose and los angeles,0.053,0.07,0.053
u318,OGI_Spont,doing ohh i have it is just me i am an only child and me and my parents live in a house together and uhm that is it my dad my dad is on is on a trip in connecticut right now and that is it,know that i am doing zero i have it is just me i am an only child and me and my parents live in a house together and that is it my dad is on a trip in connecticut right now and that is it,know what i am doing oh i have it is just me i am an only child and me and my parents live in a house together and that is it my dad is on a trip in connecticut right now and that is it,know that i am doing zero i have it is just me i am an only child and me and my parents live in a house together and that is it my dad is on a trip in connecticut right now and that is it,0.217,0.217,0.217
u319,OGI_Spont,some meat and then when it is all cooked you uhm uhm i am an only child i am twelve years old uhm i live with,music brandy so you cook some meat and then when it is all cooked you cook,music brandy so you cook some meat and then when it is all cooked you cook,music brandy so you cook some meat and then when it is all cooked you cook,0.808,0.808,0.808
u320,OGI_Spont,golden eye it is a seven game uhm i do not know probably that one i also like rampage where you go around destroying the world yeah well uhm golden eye is the onest person,i do not know if it was in a game that is like rampage where you go around destroying the world and well old maya is an onest person shooter game,i do not know if it was in a game that is like rampage where you go around destroying the world and well i like myth it is a first person shooter game,i do not know probably that one also like rampage where you go around destroying the world and goldeneye is a onest person shooter game,0.657,0.714,0.486
u321,OGI_Spont,visit my sister twenty-seven or twenty-eight boise uhm no napa uhm we are making games in q basic,doe visit my sister twenty-seven or twenty-eight boy nampa or makin games in q basic it is like,go visit my sister twenty-seven or twenty-eight in nampa or making games in q basic it is like,i will go outside and visit my sister twenty-seven or twenty-eight boy nampa or making games in q basic it is like,0.6,0.55,0.75
u322,OGI_Spont,from his sisters and uhm i have not got to the threerd verse yet y you have to like run and you have to eat bird and stuff to win uhm i have three dogs now uhm three cats two turtles and a couple of frogs,the run from his sister and i have not got to the threerd worship you have to like run and you have to eat birds and stuff to win ahhhh three dogs now ummm three cats two turtles and a couple of frogs,the run from his sister and i have not got to the third world ship you have to like run and you have to eat birds and stuff to win ah three dogs now um three cats two turtles and a couple of frogs,they run from his sister and i have not gotten to the threerd one yet you have to run and you have to eat birds and stuff to win i have three dogs now three cats two turtles and a couple of frogs,0.261,0.283,0.239
u323,OGI_Spont,y z let me think swimming pool i like to swim in the water and i like to uhm hold my i like to go,f y t only theres women cowl i like to swim in the water and i like to,f y t only there is swimming pool i like to swim in the water and i like to,f y d only think swimming pool i like to swim in the water and i like to,0.56,0.48,0.44
u324,OGI_Spont,like them okay uhm one is called amomo and it is a sharpei and the other one is called gaby but i do not know what that,i just like a stick they are cute they are cute i really like them okay one is called a momo and it is a sharpie,i just like them they are cute they are cute i really like them okay one is called momo and it is a shar pei,that just like a stick they are cute they are cute i really like them okay one is called a momo and it is a sharpie,0.889,0.889,0.889
u325,OGI_Spont,i can not wait until summer because i am going to idaho to bungie jump and visit my stepsisters my stepsisters sister and then my brother josh might come to forest grove from california,r s t u b w x y z well i can not wait until summer because i am going to idaho to bungee jump and visit my stepsisters my stepsisters,r s t u v w x y z well i can not wait until summer because i am going to idaho to bungee jump and visit my stepsisters my stepsisters,r s t u v w x y z well i can not wait until summer because i am going to idaho to bungee jump and visit my stepsisters my stepsisters,0.706,0.706,0.706
u326,OGI_Spont,take a vacation somewhere uhm yeah he is about fifty-three wears glasses short hair and pretty smart,take a vacation somewhere zero yeah he is about five three wears glasses short hair and pretty smart,take a vacation somewhere oh yeah he is about five three wears glasses short hair and pretty smart,take a vacation somewhere yeah he is about five three wears glasses short hair and pretty smart,0.111,0.111,0.111
u327,OGI_Spont,cause cause that is getting wet what i do not know how come it is not saying that how come you have to push that uhm come home uhm i will not do that,i will just get on that because that skin wet wet i do not know how do i do it not seen that we have to push that back up home i will not do that,i will just get on that because that is kind of wet i do not know how do i do it not seen that we have to push that back up home i will not do that,i will just get on that because that skin wet wet i do not know how do i do it not seen that we have to push that back up home i will not do that,0.588,0.618,0.588
u328,OGI_Spont,where you have like goal kicks and stuff like that uhm i play a guard most of the time and i can pretty much play anything but basketball you just dribble the ball and shoot i guess,look these where you have like goldkicks and stuff like that i play a guard most of the time and i can pretty much play a thing but basket ball you just dribble the ball and shoot i guess,look at these where you have like gold kicks and stuff like that i play guard most of the time and i can pretty much play anything but basketball you just dribble the ball and shoot i guess,look these where you have like goal kicks and stuff like that i play a guard most of the time and i can pretty much play anything but basketball you just dribble the ball and shoot i guess,0.243,0.162,0.081
u329,OGI_Spont,a b c d e f g h i j k l m n zero p q r s t u v w x y z yeah i do ballet uhm i,a b c d e f g h i j k l m n zero p q r s t u v w x y z i do ballet,a b c d e f g h i j k l m n o p q r s t u v w x y z i do ballet,a b c d e f g h i j k l m n zero p q r s t u v w x y z i do ballet,0.094,0.125,0.094
u330,OGI_Spont,a b c d e f g h i j k l m n zero p q r s t u v w x y z i saw cinderella i saw her fairy godmother and i saw jasmine and i and i got an ad,a b c d e f g h i j k l m n zero k q r s t u v w xyz i saw cinderella i saw her very godmother and i saw jasmine like and i got to add autograph,a b c d e f g h i j k l m n o p q r s t u v w x y z i saw cinderella i saw her fairy godmother and i saw jasmine like and i got their autograph,a b c d e f g h i j k l m n zero p q r s t u v w x y z i saw cinderella i saw her fairy godmother and i saw jasmine like and i got two autographs,0.222,0.111,0.089
u331,OGI_Spont,i have my mom my dad does not live with us and then i have a half brother kyle my brother seth and i have a twin brother named dillan i get up take a shower i eat i pack my backpack and then i get in the car with my mom and we leave for school,yes i have my mom my dad does not live with us and i have a half brother kyle my brother says and i have a twin brother named dylan i get up and take a shower i eat i pack my backpack and then i get in the car with my mom and we leave her school,yes i have my mom my dad does not live with us and i have a half brother kyle my brother's name is and i have a twin brother named dylan i get up and take a shower i eat i pack my backpack and then i get in the car with my mom and we leave for school,yes i have my mom my dad does not live with us and i have a half brother kyle my brother says and i have a twin brother named dylan i get up and take a shower i eat i pack my backpack and then i get in the car with my mom and we leave for school,0.105,0.123,0.088
u332,OGI_Spont,no now and then is about uhm these four girls and they are like going back into the past and seeing what they did when they were little and then it switches back to where they are grown ups and it is really cool,now that is about these four girls they are like going back in the past and seeing what they did then it switches back to where they are grownups,now that is about these four girls they are like going back in the past and seeing what they did then it switches back to where they are grownups,now that is about these four girls they are like going back in the past and seeing what they did then it switches back to where they are grownups,0.409,0.409,0.409
u333,OGI_Spont,family likes they let me get uhm candy i got a mom and a dad and a uncle and a grandma i do not know how to uhm uhm make what they look like i do not know how to tell brown and black brother,my family likes them they will let me get candy i got mom and dad in a garden a grandma i do not know how to make what they work like i do not know how to tell,my family likes them they will let me get candy i got mom and dad and a grandpa and a grandma i do not know how to explain what they look like i do not know how to tell,my family likes them they let me get candy i got mom and dad and a grandma i do not know how to make what they look like i do not know how to tell,0.356,0.311,0.311
u334,OGI_Spont,we are going to like go places no i went fishing and camping and i took thursday and friday off from school we went to vernonia to big eddie park and we went fishing on the vernonia lake,and and we are going to like go places where no i went fishing and camping and i took thursday and friday off to school we went to vernowia to a big annie park and we went fishing on us as we like,and and we are going to like go places where no i went fishing and camping and i took thursday and friday off of school we went to vernonia to a big pond and park and we went fishing on it as we like,and we are going to like go places no i went fishing and camping and i took thursday and friday off of school we went to vernonia to a big park and we went fishing on vernonia lake,0.289,0.289,0.132
u335,OGI_Spont,off you strain it and then you put butter in there and milk and the cheese and then after you strain the noodles you put the noodles in with it and you stir it together,of noodles off you strain it and then you put butter in there and milk and the cheese and then after you strain the noodles you put the noodles in with it and you stir it together,of noodles and you strain it and then you put butter in there and milk and the cheese and then after you strain the noodles you put the noodles in with it and you stir it together,of noodles off you strain it and then you put butter in there and milk and the cheese and then after you strain the noodles you put the noodles in with it and you stir it together,0.057,0.086,0.057
u336,OGI_Spont,no no i do not know any in redmond but i know some in seattle yep e a year and a half i mean two years yeah a year and a half how long,in the distance i know my bag why would i not want to see them when i was in my bag i was not able to see them in the distance but as i,in the distance i know my bag why would i not want to see them when i was in my bag i was not able to see them in the distance but as i,no we are not going all the way we are going to seattle yep a year and a half i mean two year yeah year and a half how long i do not know,0.941,0.941,0.559
u337,OGI_Spont,brings me to the store all the time sometimes and my dad cannot play intel yeah it is blue,when you restore more times sometimes,when you restore more times sometimes,when you restore more times sometimes,0.947,0.947,0.947
u338,OGI_Spont,ahh uhm my little brother is four and sometimes he can be pretty weird and funny sometimes he can be pretty rude and uhm my big brother is mean kind of because he always does stuff to me when i do not even do anything and my mom is,i am like aaaaaaah umm my little brother has foreign some times he can be pretty weird and funny sometimes he can be pretty rude aaaaaaand umm my big brother is mean kind of cuz he always does that to me when i dont even do anything and my mom is very,i am like ah um my little brother is funny sometimes he can be pretty weird and funny sometimes he can be pretty rude and um my big brother is mean kind of because he always does that to me when i do not even do anything and my mom is very,i am like ahhh my little brother is born sometimes he can be pretty weird and funny sometimes he can be pretty rude and umm my big brother is mean kind of because he always does stuff to me when i do not even do anything and my mom is very,0.327,0.204,0.163
u339,OGI_Spont,was finished there was like five minutes left till i went to the bus stop then i was watching some tv and listening to the radio and then i walked to the bus stop it was really cold and waited there about like five minutes till a bus came and i sat in the back and when i got off almost tripped,after that i was finished i was like five minutes left until i went to the bus stop then i was watching the tv and listening to the radio and then i walked to the bus stop it was really cold and it was like five minutes till the bus came and i sat on the back and when i got off i was almost tripped,after that when i was finished there was like five minutes left until i went to the bus stop then i was watching the tv and listening to the radio and then i walked to the bus stop it was really cold and it was like five minutes till the bus came and i sat in the back and when i got off i almost tripped,after that i was finished there was like five minutes left until i went to the bus stop then i was watching some tv and listening to the radio and then i walked to the bus stop it was really cold and waited there like about five minutes till the bus came and i sat in the back and when i got off i almost tripped,0.21,0.177,0.129
u340,OGI_Spont,a b c d e f g h i j k l m n zero p q r s t u v w x y z i like to play baseball uhm i i do not know what else to say,abc defg hijkl nop qrs tupvxyze i like to put it baseball yeah i do not know what,a b c d e f g h i j k l m n o p q r s t u v w x y z i like to play baseball yeah i do not know what,a b c d e f g h i j k l m n zero p q r s t u v w x y z i like to play baseball i do not know what else,0.805,0.146,0.098
u341,OGI_Spont,a b c d e f g h i j k l m n zero p q r s t u v w x y z forest grove i go to neil armstrong i have lived in forest grove my whole life since i started school i have two older brothers,abcd efghijk lnop qrs tuv wxyz scrove i got a long strong i live in fors girl my whole life since i started school i have two older brothers,a b c d e f g h i j k l m n o p q r s t u v w x y z so i have lived in forest grove my whole life since i started school i have two older brothers,a b c d e f g h i j k l m n zero p q r s t u v w x y z scrove i got a long strong i lived in forest grove my whole life since i started school i have two older brothers,0.706,0.157,0.137
u342,OGI_Spont,well my house is red white green with gray specks and has a lot of trees in front my room is right besides my mom is and dad is ohh it is kinda small but i got a water bed,party well my house is red white green with grib x and it has a lot of trees in front my room it means right beside to my mom some dads ooh it is kinda small but i got a lot of it,well my house is red white and green with brick and it has a lot of trees in front my room is right beside my mom and dad's oh it is kind of small but i got a lot of stuff,cool party well my house is red white green with group x and it has a lot of trees in front my room is right beside my mom is and dad is it is kinda small but i got a lot of it,0.4,0.35,0.25
u343,OGI_Spont,leisure time leisure to leisure time it is a resort down in seaside yeah swam went fishing uhm went down to seaside and played games went out to eat a,got one sister younger yeah we want to leave your time i let to leisure time it is a resort down to seaside yeah yeah swam went fishing,got one sister younger yeah we went to leisure time it is a resort down at seaside yeah yeah swam went fishing,i got one sister younger yeah we went to leisure time it is a resort down the seaside yeah swam went fishing,0.9,0.733,0.733
u344,OGI_Spont,just fossils,just fossils,just fossils,just fossils,0.0,0.0,0.0
u345,OGI_Spont,saw that one little bird that yeah while you are going you see this big monkey i almost screamed it was so scary and then i liked it when we rocked and we i felt like i was going to fall out and when the,i saw that with no bird that yeah while you are going you see this big monkey eye almost green that is it i liked it when we rocked i literally felt like i was going to swallow out the and when the truck,i saw that with the bird yeah while you are going you see this big monkey eye almost green that is it i liked it when we rocked i literally felt like i was going to fall out and when the truck,i saw that one little bird yeah while you are going you see this big monkey i almost screamed i liked it when we rafted i felt like i was going to fall out and when the truck,0.378,0.356,0.267
u346,OGI_Spont,saloon girl like the french terminology or okay what should i say uhm glissade pas de chat pas de bourree ciseau ciseau pas,and i am doing a saloon girl like the french terminology or okay where should i start leiszade parasha parabere siisou parabere pirouette,and i am doing a solo in jazz like the french terminology or okay where should i start glissade pas de chat pas de bourree sissonne pas de bourree pirouette,i am doing a saloon girl like the french terminology or okay where should i start zisad parasha parabere sisson sisson parabere pirouette,0.783,0.696,0.739
u347,OGI_Spont,want to go to college and get a music degree so i can write and conduct music and then try to get a record deal and then just go from there,i want to go to college and get a music degree so i can write and conduct music and then try to get a record deal and then just go from there,i want to go to college and get a music degree so i can write and conduct music and then try to get a record deal and then just go from there,i want to go to college and get a music degree so i can write and conduct music and then try to get a record deal and then just go from there,0.032,0.032,0.032
u348,OGI_Spont,grove baseball team we have played three practice games we have won one and lost two me and my friend outside of baseball have been practicing pitching and we should be pitching this year for awhilein a lot of games,we have played three practice games with one one and last two we have my friend outside of baseball we have been practicing pitching and we should be pitching this year for a while and a lot of games,we have played three practice games we won one and lost two with my friend outside of baseball we have been practicing pitching and we should be pitching this year for a while and a lot of games,we have played three practice games won one and lost two me and my friend outside of baseball have been practicing pitching and we should be pitching this year for a while in a lot of games,0.325,0.25,0.2
u349,OGI_Spont,learned a lot of stuff,we learned a lot of stuff,we learned a lot of stuff,we learned a lot of stuff,0.2,0.2,0.2
u350,OGI_Scripted,will you sing this song,are you seeing the song,are you singing the song,are you seeing this song,0.6,0.6,0.4
u351,OGI_Scripted,edgar does not have a job,edgar does not have a job,edgar does not have a job,edgar does not have a job,0.0,0.0,0.0
u352,OGI_Scripted,"two million, eight hundred and seventeen thousand, three hundred and ninety-two","two million, eight hundred and seventeen thousand, three hundred and ninety-two","two million, eight hundred and seventeen thousand, three hundred and ninety-two","two million, eight hundred and seventeen thousand, three hundred and ninety-two",0.0,0.0,0.0
u353,OGI_Scripted,her veins pop out when she is mad,her veins pop out when she is mad,her veins pop out when she is mad,her veins pop out when she is mad,0.0,0.0,0.0
u354,OGI_Scripted,pay albert for the fresh water,i will be at that one for the fresh water,i will be at that one for the fresh water,i will pay albert for the fresh water,1.0,1.0,0.333
u355,OGI_Scripted,please offer them a dinner mint,please offer them a dinnarmint,please offer them a dinner mint,please offer them a dinner mint,0.333,0.0,0.0
u356,OGI_Scripted,i am good with things like that,i am good with anything like that,i am good with anything like that,i am good with anything like that,0.143,0.143,0.143
u357,OGI_Scripted,edgar does not have a job,i ignore that i do not have a job,i ignore that i do not have a job,agner does not have a job,0.833,0.833,0.167
u358,OGI_Scripted,because my leg is sore i can not play,because my leg is sore i can not play,because my leg is sore i can not play,because my leg is sore i can not play,0.0,0.0,0.0
u359,OGI_Scripted,do not make the same mistakes twice,do not make the same mistakes twice,do not make the same mistakes twice,do not make the same mistake twice,0.0,0.0,0.143
u360,OGI_Scripted,"nine million, nine hundred and sixty-nine thousand, six hundred and ten",zero point nine nine six nine six zero point nine nine six nine zero point nine six one,zero point nine nine six nine six zero point nine nine six nine zero point nine six one,zero point nine nine six nine six zero point nine nine six nine zero point nine six one,1.167,1.167,1.167
u361,OGI_Scripted,we gathered sticks for the fire,we gathered sticks for the fire,we gathered sticks for the fire,we gathered sticks for the fire,0.0,0.0,0.0
u362,OGI_Scripted,doug thinks he will win the race,doug thinks he will win the races,doug thinks he will win the races,doug thinks he will win the race,0.143,0.143,0.0
u363,OGI_Scripted,try to lick the lollipop,try to lick the lollipop,try to lick the lollipop,try to lick the lollipop,0.0,0.0,0.0
u364,OGI_Scripted,pass their notes along,past turn notes along,pass the notes along,pass their notes along,0.5,0.25,0.0
u365,OGI_Scripted,who will the soldier vote for,who will the soldier vote for,who will the soldier vote for,who will the soldier vote for,0.0,0.0,0.0
u366,OGI_Scripted,i will rent an apartment tomorrow,around the apartment tomorrow,around the apartment tomorrow,i will rent an apartment tomorrow,0.667,0.667,0.0
u367,OGI_Scripted,the rain chased the dirt down the drain,the rain chastered dirt down the drain,the rain splashed dirt down the drain,the rain chased the dirt down the drain,0.25,0.25,0.0
u368,OGI_Scripted,he breathed a sigh of relief,he breathed a sigh of relief,he breathed a sigh of relief,he breathed a sigh of relief,0.0,0.0,0.0
u369,OGI_Scripted,buying the ring took all of my money,buying the ring took all of my money,buying the ring took all of my money,buying the ring took all of my money,0.0,0.0,0.0
u370,OGI_Scripted,will you sing this song,will you sing this song,will you sing this song,will you sing this song,0.0,0.0,0.0
u371,OGI_Scripted,he was really nice to us,he was really nice to us,he was really nice to us,he was really nice to us,0.0,0.0,0.0
u372,OGI_Scripted,even your ears sweat in a sauna,urinu is wet as well,your shoe is wet as well,urinu is wet as well,1.0,0.857,1.0
u373,OGI_Scripted,will you sing this song,well you think this song .,will you sing this song,while you sing this song,0.4,0.0,0.2
u374,OGI_Scripted,mabel grows tomatoes in the courtyard,mabel grows tomatoes in the court yard,mabel grows tomatoes in the courtyard,mabel grows tomatoes in the courtyard,0.333,0.0,0.0
u375,OGI_Scripted,the flood took a car down the street,the flood took a card down the street,the flood took a car down the street,the flood took a car down the street,0.125,0.0,0.0
u376,OGI_Scripted,turn the volume on the radio down,turn the volume on the radio down,turn the volume on the radio down,turn the volume on the radio down,0.0,0.0,0.0
u377,OGI_Scripted,we had a birds eye view,we had a bird is eye view,we had a bird's eye view,we had a birds eye view,0.333,0.0,0.0
u378,OGI_Scripted,it can only be a good circus with elephants,it can be only a good circus with elephants,it can only be a good circus with elephants,it can only be a good circus with elephants,0.222,0.0,0.0
u379,OGI_Scripted,the bird sang a sweet melody,the birds singing sweet melody,the birds sing a sweet melody,the birds sing a sweet melody,0.5,0.333,0.333
u380,OGI_Scripted,stewart has five friends in richmond,stuart has bye friends enrichment,stuart has five friends in french,stewart has five friends in richmond,0.667,0.333,0.0
u381,OGI_Scripted,you can save water in your bathtub,you can save water in your bathtub,you can save water in your bathtub,you can save water in your bathtub,0.0,0.0,0.0
u382,OGI_Scripted,fred did not try the carrot juice,fred did not try the carrot juice,fred did not try the carrot juice,fred did not try the carrot juice,0.0,0.0,0.0
u383,OGI_Scripted,edgar does not have a job,i have a job,i have a job,i have a job,0.5,0.5,0.5
u384,OGI_Scripted,san diego is very green this year,is very green this year,it is very green this year,danielle goes very green this year,0.286,0.286,0.429
u385,OGI_Scripted,my clothes are wet from the rain,my clothes are wet from the rain,my clothes are wet from the rain,my clothes are wet from the rain,0.0,0.0,0.0
u386,OGI_Scripted,my clothes are wet from the rain,my closure went from the rain,my clothes are wet from the rain,my clothes are wet from the rain,0.429,0.0,0.0
u387,OGI_Scripted,why is the earth inside the milky way,why is the earth inside the milky way,where is the earth inside the milky way,why is the earth inside the milky way,0.0,0.125,0.0
u388,OGI_Scripted,her veins pop out when she is mad,her veins pop out when she is mad,her veins pop out when she is mad,her veins pop out when she is mad,0.0,0.0,0.0
u389,OGI_Scripted,you can see bugs light up the sky,you can see bugs light up the sky,you can see bugs light up the sky,you can see bugs light up the sky,0.0,0.0,0.0
u390,OGI_Scripted,buying the ring took all of my money,buying the ring took all of my money,buying the ring took all of my money,buying the ring took all of my money,0.0,0.0,0.0
u391,OGI_Scripted,buying the ring took all of my money,buy in the ring took all my money,buying the ring took all my money,buying the ring took all my money,0.375,0.125,0.125
u392,OGI_Scripted,will you sing this song,well you have seen this song,will you sing this song,well you sing this song,0.6,0.0,0.2
u393,OGI_Scripted,give keith a moment to think,give kids a moment to think .,give kids a moment to think,give keith a moment to think,0.167,0.167,0.0
u394,OGI_Scripted,the angry chef cooked his vegetables,the angry chef cooked his vegetables,the angry chef cooked his vegetables,the angry chef cooked his vegetables,0.0,0.0,0.0
u395,OGI_Scripted,the flood took a car down the street,the flood took a car down the street,the flood took a car down the street,the flood took a car down the street,0.0,0.0,0.0
u396,OGI_Scripted,the angry chef cooked his vegetables,the anchorage yaf cooked these vegetables,the angry chef cooked his vegetables,the angry chef cooked these vegetables,0.5,0.0,0.167
u397,OGI_Scripted,the briefcase is open now,the briefcase is open now,the briefcase is open now,the briefcase is open now,0.0,0.0,0.0
u398,OGI_Scripted,you can see bugs light up the sky,you can see bugs,you can see bugs,you can see bugs light up the sky,0.5,0.5,0.0
u399,OGI_Scripted,the flood took a car down the street,fly the card down there,the flood took the car down there,a flight took the car down there,0.875,0.375,0.625
u400,OGI_Scripted,the illusion looked like a giraffe,the illusion looked like a giraffe,the illusion looked like a giraffe,the illusion looked like a giraffe,0.0,0.0,0.0
u401,OGI_Scripted,the flood took a car down the street,the flood took a card down the street,the flood took a car down the street,the flood took a car down the street,0.125,0.0,0.0
u402,OGI_Scripted,we watched television during dinner,we watched television during dinner,we watched television during dinner,we watched television during dinner,0.0,0.0,0.0
u403,OGI_Scripted,people like to sing in cairo,people might see the title of that it will not be hard for anyone to see,people might see the title of that it will not be hard for anyone to see,people might see the title of that it will not be hard for anyone to see,2.5,2.5,2.5
u404,OGI_Scripted,the speaker boomed from the car,the speaker boomed from the car,the speaker boomed from the car,the speaker boomed from the car,0.0,0.0,0.0
u405,OGI_Scripted,"one million, three thousand and seventy-eight",they are at one zero zero three zero seven zero,they are at one zero zero three zero seven zero,they are at one zero zero three zero seven eight,1.286,1.286,1.143
u406,OGI_Scripted,will beets stain my pants,with the beets in my pants,with the beets in my pants,will beet stain my pants,0.6,0.6,0.2
u407,OGI_Scripted,will you please bathe,will you please bed,will you please bend,will you please bend,0.25,0.25,0.25
u408,OGI_Scripted,the rain chased the dirt down the drain,the rain chased dirt down the drain,the rain chased dirt down the drain,the rain chased the dirt down the drain,0.125,0.125,0.0
u409,OGI_Scripted,i have ice cream for you,i have i squared for you .,i have ice cream for you,i have ice cream for you,0.333,0.0,0.0
u410,OGI_Scripted,the dog is a big gentle puppy,the dog is a big little puppy,the dog is a big little puppy,the dog is a big little puppy,0.143,0.143,0.143
u411,OGI_Scripted,"two million, eight hundred and seventeen thousand, three hundred and ninety-two","two thousand, eight hundred and seventeen three hundred and ninety-two","two thousand, eight hundred and seventeen three hundred and ninety-two","two million, eight hundred and seventeen thousand, three hundred and ninety-two",0.167,0.167,0.0
u412,OGI_Scripted,we watched television during dinner,we watched television during dinner,we watched television during dinner,we watched television during dinner,0.0,0.0,0.0
u413,OGI_Scripted,who will the soldier vote for,i thought this is the oldmari walk for,i thought this is the old mari walk for,i thought this is the oldmari walk for,1.0,1.167,1.0
u414,OGI_Scripted,will you sing this song,will you sing the phone,will you ring the phone,will you sing the song,0.4,0.6,0.2
u415,OGI_Scripted,i collect stamps from vietnam,click stand,click stand,i collect stamps from vietnam,1.0,1.0,0.0
u416,OGI_Scripted,one thousand,touchen,touching,ocean,1.0,1.0,1.0
u417,OGI_Scripted,because my leg is sore i can not play,because my leg is sore i can not fight,because my leg is sore i can not fight,because my leg is sore i can not play,0.111,0.111,0.0
u418,OGI_Scripted,i do not clean windows,i do not clean the loooot,i do not clean the lot,i do not clean the nose,0.4,0.4,0.4
u419,OGI_Scripted,you can see bugs light up the sky,you can see bugs light up the sky,you can see bugs light up the sky,you can see bugs light up the sky,0.0,0.0,0.0
u420,OGI_Scripted,the rain chased the dirt down the drain,the rain changes the dirt down into the rain,the rain chased the dirt down into the drain,the rain changed the dirt down the drain,0.375,0.125,0.125
u421,OGI_Scripted,the flea chased the dog,the flea chased the dog,the flea chased the dog,the flea chased the dog,0.0,0.0,0.0
u422,OGI_Scripted,i am ready to go home,i am ready to go home,i am ready to go home,i am ready to go home,0.0,0.0,0.0
u423,OGI_Scripted,greet me with open arms,gooey to me with open arms,come to me with open arms,greet me with open arms,0.4,0.4,0.0
u424,OGI_Scripted,will you sing this song,zero,zero,would you sing this song,1.0,1.0,0.2
u425,OGI_Scripted,it can only be a good circus with elephants,let me get,let me get,let me get,1.0,1.0,1.0
u426,OGI_Scripted,that was an odd decision,that was an odd decision,that was an odd decision,that was an odd decision,0.0,0.0,0.0
u427,OGI_Scripted,turn the volume on the radio down,trim the volume on the radio down,turn the volume on the radio down,turn the volume on the radio down,0.143,0.0,0.0
u428,OGI_Scripted,we should try to save the whales,we should try to save the whales,we should try to save the whales,we should try to save the whales,0.0,0.0,0.0
u429,OGI_Scripted,pay albert for the fresh water,pay albert for the fresh water,pay albert for the fresh water,pay albert for the fresh water,0.0,0.0,0.0
u430,OGI_Scripted,go inside and eat your dinner,go inside and eat your dinner,go inside and eat your dinner,go inside and eat your dinner,0.0,0.0,0.0
u431,OGI_Scripted,you can save water in your bathtub,you can save water in your bathtub,you can save water in your bathtub,you can save water in your bathtub,0.0,0.0,0.0
u432,OGI_Scripted,you can save water in your bathtub,you can save water in your bathtub,you can save water in your bathtub,you can save water in your bathtub,0.0,0.0,0.0
u433,OGI_Scripted,matthew has a horse from the desert,matthew has a horse from the desert,matthew has a horse from the desert,matthew has a horse from the desert,0.0,0.0,0.0
u434,OGI_Scripted,"nine million, nine hundred and sixty-nine thousand, six hundred and ten","nine million, nine hundred and sixty-nine thousand, six hundred and ten","nine million, nine hundred and sixty-nine thousand, six hundred and ten","nine million, nine hundred and sixty-nine thousand, six hundred and ten",0.0,0.0,0.0
u435,OGI_Scripted,"four million, six hundred and forty-two thousand, nine hundred and fifty-four","four million, six hundred and forty-two thousand, nine hundred and fifty-four","four million, six hundred and forty-two thousand, nine hundred and fifty-four","four million, six hundred and forty-two thousand, nine hundred and fifty-four",0.0,0.0,0.0
u436,OGI_Scripted,we have just started the egg toss,we have just started the egg toss,we have just started the egg toss,we have just started the egg toss,0.0,0.0,0.0
u437,OGI_Scripted,mabel grows tomatoes in the courtyard,ah,ah,ah,1.0,1.0,1.0
u438,OGI_Scripted,fred did not try the carrot juice,fred did not try the carrot juice .,fred did not try the carrot juice,fred did not try the carrot juice,0.0,0.0,0.0
u439,OGI_Scripted,"two million, four hundred and seventy-six thousand, three hundred and seventy-four","two million, four hundred and seventy-six thousand, three hundred and seventy-four","two million, four hundred and seventy-six thousand, three hundred and seventy-four","two million, four hundred and seventy-six thousand, three hundred and seventy-four",0.0,0.0,0.0
u440,OGI_Scripted,the speaker boomed from the car,speaker boop from the car,the speaker boomed from the car,speaker booms from the car,0.333,0.0,0.333
u441,OGI_Scripted,he was really nice to us,he was really nice to us,he was really nice to us,he was really nice to us,0.0,0.0,0.0
u442,OGI_Scripted,are zebras just striped horses,what are you suppose,what are you supposed,what are you supposed to say,1.0,1.0,1.0
u443,OGI_Scripted,could you pass the other jam please,do you pass the other damn please,would you pass the other jam please,can you pass the other damn please,0.286,0.143,0.286
u444,OGI_Scripted,the flood took a car down the street,i just can not see,i just can not see,i just can not see it,1.0,1.0,1.0
u445,OGI_Scripted,"two million, six hundred and forty thousand, two hundred and forty-six","two million, six hundred and forty thousand, two hundred and forty-six","two million, six hundred and forty thousand, two hundred and forty-six","two million, six hundred and forty thousand, two hundred and forty-six",0.0,0.0,0.0
u446,OGI_Scripted,the speaker boomed from the car,the speaker boom from the car,the speaker boomed from the car,the speaker boomed from the car,0.167,0.0,0.0
u447,OGI_Scripted,search in between the couch cushions,search in between the couch cushions,search in between the couch cushions,search in between the couch cushions,0.0,0.0,0.0
u448,OGI_Scripted,five people can fit in the elevator,five people can fit in the elevator,five people can fit in the elevator,five people can fit in the elevator,0.0,0.0,0.0
u449,OGI_Scripted,will beets stain my pants,well be staying my pant,we will be staying at my aunt's,will be staining my pants,0.8,1.0,0.4
u450,OCSC,me and my cousin www each have our own garden,me and the kids i learn,me and the kids i learn,me and the kids we try our own garden,0.8,0.8,0.5
u451,OCSC,five hundred,five hundred,five hundred,five hundred,0.0,0.0,0.0
u452,OCSC,and she is not even eating her breakfast,do you have a favorite one and she is diet even eating her breakfast,do you have a favorite one and she is eating her breakfast,do you have a favorite one and she is not even eating her breakfast,0.875,1.0,0.75
u453,OCSC,a big thi,big,big,big,0.667,0.667,0.667
u454,OCSC,f fish phone, f fish phone .,fish phone,s fish phone,0.0,0.333,0.333
u455,OCSC,and then you put it in your mouth,and then you put it in your mouth,and then you put it in your mouth,and then you put it in your mouth,0.0,0.0,0.0
u456,OCSC,he is playing soccer,he is playing soccer,he is playing soccer,he is playing soccer,0.0,0.0,0.0
u457,OCSC,and it uses as plate,it uses a plate,it uses a plate,it uses a plate,0.4,0.4,0.4
u458,OCSC,kids can make it in their house,kids can make it in their house,kids can make it in their house,kids can make it in their house,0.0,0.0,0.0
u459,OCSC,outer space,out of space,out of space,outer space,1.0,1.0,0.0
u460,OCSC,not anything i really see,zero my eyes always see,zero my eyes always see,zero nice you can always see it,0.8,0.8,1.2
u461,OCSC,two cup,two cups,two cups,two cups,0.5,0.5,0.5
u462,OCSC,and do that so i get all the particles out of my nails,i get all the particles out of my nails,i get all the particles out of my nails,and do that so i get all the particles out of my nails,0.308,0.308,0.0
u463,OCSC,and octopus,and octopus,an octopus,and octopus,0.0,0.5,0.0
u464,OCSC,cocoa pebbles,cocoa pebbles,cocoa pebbles,cocoa pebbles,0.0,0.0,0.0
u465,OCSC,i want to go home now,i want to go home now,i want to go home now,i want to go home now,0.0,0.0,0.0
u466,OCSC,not grass,not good,not good,did not go,0.5,0.5,1.0
u467,OCSC,this letter is a,this letters a,this letter is a,this letter is a,0.5,0.0,0.0
u468,OCSC,when i was little grandpa showed me how to make a peanut butter sandwich,when i was little grandpa showed me how to make a peanut butter sandwich,when i was little grandpa showed me how to make a peanut butter sandwich,when i was little grandpa showed me how to make a peanut butter sandwich,0.0,0.0,0.0
u469,OCSC,trick or treating,and your tizzy,and your tizzy,and you are cheating,1.0,1.0,1.333
u470,OCSC,and she really likes to cook,she really likes to cook,she really likes to cook,and she really likes to cook,0.167,0.167,0.0
u471,OCSC,two skack,we are back,we are back,we are back,1.5,1.5,1.5
u472,OCSC,and then th a plant,and then a plant,and then a plant,and then a plant,0.2,0.2,0.2
u473,OCSC,my my mommy is favorite animal is a gir giraffe,my mommy is favorite everyone is is your draft,my mommy's favorite everyone is is your draft,my mommy is favorite is a giraffe,0.5,0.7,0.3
u474,OCSC,two skacks,two scats,two skates,two scots,0.5,0.5,0.5
u475,OCSC,and his jersey on,and his jersey on,and his jersey on,and his jersey on,0.0,0.0,0.0
u476,OCSC,chocolate ice cream,chocolate ice cream,chocolate ice cream,chocolate ice cream,0.0,0.0,0.0
u477,OCSC,then it is xxx time to for cake,then it is time to ford cake,then it is time to frost the cake,then it is time to four k,0.25,0.375,0.375
u478,OCSC,take it back now y all,take it back now you all,take it back now y'all,take it back now you all,0.167,0.333,0.167
u479,OCSC,wheat and stuff,we eat and stuff,we eat and stuff,we eat and stuff,0.667,0.667,0.667
u480,OCSC,two bells,two bells,two bells,two bells,0.0,0.0,0.0
u481,OCSC,two slides,two slides,two slides,two slides,0.0,0.0,0.0
u482,OCSC,a sixty-seven equals sixteen,so six seven equals sixteen,so six plus seven equals sixteen,six seven equals sixteen,0.4,0.6,0.4
u483,OCSC,so you get a paintbrush,so you get a paintbrush,so you get a paintbrush,so you get a paintbrush,0.0,0.0,0.0
u484,OCSC,i will i will pass,up i will pass,up i will pass,i will pass,0.4,0.4,0.4
u485,OCSC,to go fishing,to go fishing,to go fishing,to go fishing,0.0,0.0,0.0
u486,OCSC,a baby cheetah,a baby cedar,a baby cedar,a baby cheetah,0.333,0.333,0.0
u487,OCSC,that i am driving a car,that driver car,that driver car,that driving car,0.667,0.667,0.5
u488,OCSC,one hundred,one hundred,one hundred,one hundred,0.0,0.0,0.0
u489,OCSC,www and then i have a best friend www from church,and then i have a best friend of the church,and then i have a best friend at the church,and then i have a best friend in the church,0.273,0.273,0.273
u490,OCSC,i seen a i see a light bulb,know i see and is it light ball,no i see and is it a light ball,i see that i see a light bulb,0.875,0.75,0.25
u491,OCSC,took them,so damn,so damn,turn them,1.0,1.0,0.5
u492,OCSC,cam tried to stay calm,can try tuesday com,can try tuesday come,can try to stay calm,1.0,1.0,0.4
u493,OCSC,why a timer,why why is time alive,why why is time alive,why why is time alive,1.333,1.333,1.333
u494,OCSC,it tastes very yummy,it tastes very yummy,it tastes very yummy,it tastes very yummy,0.0,0.0,0.0
u495,OCSC,i would like,bye bye,bye bye,bye bye,1.0,1.0,1.0
u496,OCSC,one mu,one more,one more,one more,0.5,0.5,0.5
u497,OCSC,uncle moe and cam walked back into the mist maker,uncle mao and cam walked back into the mist maker,uncle mao and cam walked back into the mist maker,uncle mo and cam walked back into the mist maker,0.1,0.1,0.1
u498,OCSC,and i would like,and i would like,and i would like,and i would like to,0.0,0.0,0.25
u499,OCSC,i think she is doing outside,i think she is going outside,i think she is going outside,i think she is going outside,0.167,0.167,0.167
u500,OCSC,i have uu unicorn shoes and unicorn inside my shoes,i am your precious new you are quick inside my shoes,i am your precious new you are quick inside my shoes,i have your intentions you are quick inside my shoes,0.7,0.7,0.5
u501,OCSC,there is a top,there is a top,there is a top,there is a top,0.0,0.0,0.0
u502,OCSC,at the garden,at the garden,at the garden,at the garden,0.0,0.0,0.0
u503,OCSC,gardens can be at home or at a church,go to go be at home or at a church,go to go be at home or at a church,going to be at home or at a church,0.333,0.333,0.222
u504,OCSC,savage love,sam twelve,sam twelve,seven to love,1.0,1.0,1.0
u505,OCSC,and then you twist them,and i need to press the app,and i need to press the app,and i need to twist up,1.2,1.2,0.8
u506,OCSC,laquita really liked to draw shoes,look here to really like to draw shoes,look here i really like to draw shoes,but here i really like to draw shoes,0.667,0.667,0.667
u507,OCSC,some of the things that did not get destroyed i destroyed to build new stuff,some of the things that did not get destroyed i destroyed the building we stuff,some of the things that did not get destroyed i destroyed the building and stuff,some of the things that did not get destroyed i destroyed to build new stuff,0.2,0.2,0.0
u508,OCSC,i am going into threerd grade,i am going into threerd grade,i am going into third grade,i am going into threerd grade,0.0,0.167,0.0
u509,OCSC,brushing his teeth,prushing these teas,brushing his teeth,brushing these teeth,1.0,0.0,0.333
u510,OCSC,jana held deon is hand and smiled,donna howl dan hannon is model,donna howl dan hannon is model,jenna held dan and smith,1.0,1.0,0.714
u511,OCSC,she is dressing up like,she is dressing up,she is dressing up,she is dressing up like,0.2,0.2,0.0
u512,OCSC,he is about to sleep in the water,he is about to sweep in the ladder,he is about to sweep in the ladder,he is about to sweep in the water,0.25,0.25,0.125
u513,OCSC,he is being a magician,he is being a magician,he is being a magician,he is being a magician,0.0,0.0,0.0
u514,OCSC,color and pencil,we like the color and stuff too the color and pencil,we like the color and stuff too the color and pencil,we like the color and stuff too the color and pencil,2.667,2.667,2.667
u515,OCSC,gasps a snail,what is the snails,what is the snails,what is the snail,1.333,1.333,1.0
u516,OCSC,frosting ones,our stings runs,our stings runs,fasting runs,1.5,1.5,1.0
u517,OCSC,you kick the bah,you took the ball,you took the ball,you kicked the ball,0.5,0.5,0.5
u518,OCSC,my mom said me to might actually be the real one,i tell myself that my mom said to me it might be actually the real word,i tell myself that my mom said to me it might be actually the real word,i tell myself that my mom said to me it might be actually the real word,0.818,0.818,0.818
u519,OCSC,they are stinky,that is stinky,that is stinky,that is stinky,0.667,0.667,0.667
u520,OCSC,one kell,kill,kill,kill,1.0,1.0,1.0
u521,OCSC,and you want to good foot work,anyone has good footwork,anyone has good footwork,anyone have good footwork,0.857,0.857,0.857
u522,OCSC,and we actually have a huge llama plushie too,we actually have a huge wama plushie too,we actually have a huge llama plushie too,we actually have a huge wama plushie too,0.222,0.111,0.222
u523,OCSC,and fish,and fizz,and fizz,it fits,0.5,0.5,1.0
u524,OCSC,so it looks like she might be baking stuff,so it looks actually maybe baking stuff,so it looks like maybe baking stuff,so it looks like she may be baking stuff,0.444,0.333,0.111
u525,OCSC,and in their neighborhood,in the neighborhood,in the neighborhood,and in the neighborhood,0.5,0.5,0.25
u526,OCSC,lexi and sydney,lexine cinderney,lexine cinderney,lexi and sydney,1.0,1.0,0.0
u527,OCSC,when you have to gg,what do you have to get,what do you have to get,what do you have to get,0.6,0.6,0.6
u528,OCSC,surprise they shouted to mister bee when they saw him,the surprise they shouted to mister b when they saw him,surprise they shouted to mister b when they saw him,surprise they shouted to mister b when they saw him,0.2,0.1,0.1
u529,OCSC,when i get home from something, when i get home from something,when i get home from something,when i get home from something,0.0,0.0,0.0
u530,OCSC,and alligator,a apple and alligator,a apple and alligator,a apple and alligator,1.0,1.0,1.0
u531,OCSC,and i see like books and a fish bowl,and i see like books and a fish ball,and i see like books and a fish bowl,and i see like books and a fishbowl,0.111,0.0,0.222
u532,OCSC,and i get like a toy,and i get like a toy and i get a toy,and i get like a toy and i get a toy,and i get like a toy and i get a toy,0.833,0.833,0.833
u533,OCSC,which my sister does all the time,which my sister does all the time,which my sister does all the time,which my sister does all the time,0.0,0.0,0.0
u534,OCSC,two bells,two vals,two vowels,two vowels,0.5,0.5,0.5
u535,OCSC,h house hear,h house here,h house here,it is a house here,0.333,0.333,1.333
u536,OCSC,this one is easy,i just told you,i just told you,i just told you,1.0,1.0,1.0
u537,OCSC,and then they made a sand grill,and then they made a sand grill,and then they made a sand girl,and then they made a sand grill,0.0,0.143,0.0
u538,OCSC,fetch in my house,wow that is in the house,wow that is in the house,wow that is in my house,1.0,1.0,0.75
u539,OCSC,one bed,one day .,one day,one day,0.5,0.5,0.5
u540,OCSC,they wanted it to be a surprise party,women to it to be a surprise party change,want it to be a surprise party,women to it to be a surprise party,0.375,0.25,0.25
u541,OCSC,two skacks,too scott,two scott,two cats,1.0,0.5,0.5
u542,OCSC,i do sometimes,do sometimes,do sometimes,i do sometimes,0.333,0.333,0.0
u543,OCSC,and then how you wear short shorts or pants,and then how you are shorter shorter for pads,and then how you are shorter shorter for pads,and then how do we wear shorter shorts or pants,0.556,0.556,0.333
u544,OCSC,bow and arrow,you are done,you are done,you are done,1.0,1.0,1.0
u545,OCSC,i do not have tights,i do not have tights,i do not have tights,i do not have tights,0.0,0.0,0.0
u546,OCSC,when t is time to eat,this time to eat,it is time to eat,well it is time to eat,0.5,0.333,0.333
u547,OCSC,ee the ones,it is going .,it is going,it is going,1.0,1.0,1.0
u548,OCSC,i do not know,i do not know .,i do not know,i do not know,0.0,0.0,0.0
u549,OCSC,actually i do,i should i do,what should i do,what should i do,0.667,0.667,0.667
u550,OCSC,and then wrap one bunny ear around,and then wrap one bunny ear around,and then wrap one bunny ear around,and then wrap one bunny ear around,0.0,0.0,0.0
u551,OCSC,he actually still dos sw doing teacher,the actually still dude is no teacher,the actually still dude is no teacher,he actually still does no teacher,0.571,0.571,0.429
u552,OCSC,help some very sick children,help some very sick,help somebody sick,helps some very sick,0.2,0.6,0.4
u553,OCSC,my friend is,my friend,my friend,my friend,0.333,0.333,0.333
u554,OCSC,"one million, two hundred and thirty-four thousand, five hundred and sixty-seven",one two three four five six seven,one two three four five six seven,one two three four five six seven,0.615,0.615,0.615
u555,OCSC,that is better,it is good,it is good,it is good,0.667,0.667,0.667
u556,OCSC,and fishies,fishies,fishies,fishies,0.5,0.5,0.5
u557,OCSC,she did not want her surprise to get squished,she did not want her surprise to get squished,she did not want her surprise to get squished,she did not want her surprise to get squished,0.0,0.0,0.0
u558,OCSC,they used a carrot for a nose,they used a carrot for a nose,they used a carrot for a nose,they used a carrot for a nose,0.0,0.0,0.0
u559,OCSC,one bell,one bell,one bell,one bell,0.0,0.0,0.0
u560,OCSC,and a drum,in a drum,in a drum,in a drum,0.333,0.333,0.333
u561,OCSC,eh and she is pouring cereal in,and she is point serious,and she is pretty serious,and she is pouring cereal,0.571,0.571,0.286
u562,OCSC,scrub my hands like this,my hands like this because,my hands like this because,rub my hands like this because,0.4,0.4,0.4
u563,OCSC,l leaf lamp,and that is what i know i know al leaf land,and that is what i know i know a leaf land,and that is what i know i know al leaf land,3.333,3.333,3.333
u564,OCSC,okay so the girl is just tryna,okay so the girl is just trying,okay so the girl is just trying,okay so the girl is just trying to,0.143,0.143,0.286
u565,OCSC,and leaves,and with some bogs and leaves,and with some bugs and leaves,and with some bugs and leaves,2.0,2.0,2.0
u566,OCSC,has my mom is my,my mom is my mom,my mom is my mom,my mom has my mom is my mom,0.4,0.4,0.6
u567,OCSC,and took a pink one for herself,took a pink one for herself,took a pink one for herself,she took a pink one for herself,0.143,0.143,0.143
u568,OCSC,and i put that on,and i put that on,and i put that on,and then i put that on,0.0,0.0,0.2
u569,OCSC,she is getting a bowl of cereal,getting a bowl of cereal,getting a bowl of cereal,getting a bowl of cereal,0.286,0.286,0.286
u570,OCSC,i have done this,i have the best,i have the best,i have the best,0.5,0.5,0.5
u571,OCSC,but now he is a stinker butt,now he is a stinker bot,now he is a stinker bot,now he is a stinker butt,0.286,0.286,0.143
u572,OCSC,this this stars kept spinning,this the stars kept spinning,and the stars kept spinning,the stars kept spinning,0.2,0.4,0.4
u573,OCSC,used to use a straw,she used to use her strud,she used to use her strut,she used to use her strud,0.6,0.6,0.6
u574,OCSC,this girl or boy looks like its painting because it has a paint palette paint brushes like a water bowl cup it so washes its brushes,this girl or boy looks like it is painting because it has a paint palette paint brushes like a water ball cup so it watches its brushes,this girl or boy looks like it is painting because it has a paint palette paint brushes like a water bowl cup so it washes its brushes,this girl or boy looks like it is painting because it has a paint palette paint brushes like a water bowl cup so it washes the brushes,0.231,0.154,0.192
u575,OCSC,twenty-one multiplied by three,twenty-one multiplied by three,twenty-one multiplied by three,twenty-one multiplied by three,0.0,0.0,0.0
u576,OCSC,bunch of scientist stuff,a bunch of science stuff,a bunch of science stuff,a bunch of science stuff,0.5,0.5,0.5
u577,OCSC,making cupcakes,caupe gings,cupcakes,cupcakes,1.0,0.5,0.5
u578,OCSC,to the same bigger bigger and bigger and bigger,two to say bigger bigger bigger bigger,to say bigger bigger bigger bigger,i want to see bigger bigger bigger bigger,0.556,0.444,0.667
u579,OCSC,and then she passes out on the rat,and then t passes out on that rat,and then he passes out on that mat,and then she passes out on that rat,0.25,0.375,0.125
u580,OCSC,cause her friends are coming over,our friends are coming over,our friends are coming over,our friends are coming over,0.333,0.333,0.333
u581,OCSC,dragonfly and dragonfly,drag me fly drag me fly .,dragonfly dragonfly,dragonfly dragonfly,2.0,0.333,0.333
u582,OCSC,so you usually put socks on if it is tennis shoes,so usually put socks on if it is sin issues,so usually put socks on if it is snowing,so you usually put socks on if it is tennis shoes,0.273,0.273,0.0
u583,OCSC,a big suit,i got a lot of fun out there but they are all so good with their time we are just going to have a look at that,i got a lot of fun out there but they are all so good with their time we are just going to have a look at that,i got a lot of fun out there but they are all so good with their time we are just going to have a look at that,8.667,8.667,8.667
u584,OCSC,and sa those look like butterflies and stuff laughs,and so that goes with like birth splice and stuff,and so that goes with like birthday cake and stuff,and so that goes with like butterflies and stuff,0.778,0.778,0.556
u585,OCSC,i see a p i see a plate pig,a plate pig,a play pig,i see a plate pig,0.667,0.778,0.444
u586,OCSC,n nose niffler wp,n nose niflor,n nose sniffer,n nose niffler,0.5,0.5,0.25
u587,OCSC,he is not mean,mamimi,mommy,mamimi,1.0,1.0,1.0
u588,OCSC,t is table,cheese table,cheese table,cheese table,0.667,0.667,0.667
u589,OCSC,someone brought big buttons for eyes,someone brought big buttons for eyes,someone brought big buttons for eyes,someone brought big buttons for eyes,0.0,0.0,0.0
u590,OCSC,i like to draw droids from star wars,i like to draw the drawers from star wars,i like to draw the droids from star wars,i like to draw droids from star wars,0.25,0.125,0.0
u591,OCSC,that is mostly everything,well the everything,well the everything,we will see everything,0.75,0.75,0.75
u592,OCSC,and a whole bunch of containers,and a whole bunch of containers,and a whole bunch of containers,and a whole bunch of containers,0.0,0.0,0.0
u593,OCSC,he also spent lots of time practicing,he also spent lots of time practicing,he also spent lots of time practicing,he also spent lots of time practicing,0.0,0.0,0.0
u594,OCSC,we can eat some warm cookies while i teach you to play chess,we can eat some warm cookies while i teach you to play chess,we can eat some warm cookies while i teach you to play chess,we can eat some warm cookies while i teach you to play chess,0.0,0.0,0.0
u595,OCSC,a zoo keeper to see monkeys and the animals,and zuky put to see monkeys than animals,and the zoo keeper took to see monkeys and animals,and zuky put to see monkeys and the animals,0.556,0.444,0.333
u596,OCSC,but we are going to start a little garden,well we are going to start a little garden,well we are going to start a little garden,whoa wait we are going to start a little garden,0.111,0.111,0.222
u597,OCSC,eating candy,even candy,even candy,even candy,0.5,0.5,0.5
u598,OCSC,so you take the strap,so he is buckling himself then so you take the strap up,so he is buckling himself in so you take the strap up,so he is buckling himself and so you take the straps,1.4,1.4,1.4
u599,OCSC,defense scoring goals being goal keeper lots of stuff,defense scoring goals being goalkeeper lots of stuff,defense scoring goals being goalkeeper lots of stuff,defense scoring goals being goalkeeper lots of stuff,0.222,0.222,0.222
